base_recall,attack_recall,base_prec,attack_prec,alc,base_prec_as_sampled,attack_prec_as_sampled,alc_as_sampled,alc_low,alc_high,base_si,base_si_low,base_si_high,base_n,attack_si,attack_si_low,attack_si_high,attack_n,secret_column,base_count,attack_count
0.2127659574468085,0.2127659574468085,0.12250632112376873,0.12250632112376873,0.0,0.05,0.05,0.0,-0.2956497407646229,0.22818647004872344,0.22724974464594666,0.008881448800795402,0.23613119344674208,20,0.22724974464594666,0.008881448800795402,0.23613119344674208,20,AGEP__discretized,94,94
0.40425531914893614,0.4148936170212766,0.1415038953522042,0.11485905349166486,-0.030991281859823732,0.10526315789473684,0.07692307692307693,-0.03163336236872594,-0.2827536959617835,0.16838441457220638,0.1996026437533379,0.04170257347553525,0.24130521722887313,38,0.17670331637577022,0.026507395303779747,0.20321071167954996,39,AGEP__discretized,94,94
0.48936170212765956,0.5,0.1789821088993323,0.11645475066378569,-0.0761082788968869,0.15217391304347827,0.0851063829787234,-0.07905666895058847,-0.3461896974022072,0.13365786030311735,0.2065185732425553,0.07572282227805466,0.28224139552060995,46,0.16572125441172036,0.033594123457925514,0.19931537786964587,47,AGEP__discretized,94,94
0.5531914893617021,0.5425531914893617,0.17765885096595235,0.1444295899612032,-0.04039932126230898,0.15384615384615385,0.11764705882352941,-0.04277056869920516,-0.3036979620106554,0.16705658822935696,0.19516400159629826,0.08007685016780323,0.2752408517641015,52,0.17875770636404292,0.05505073677918173,0.23380844314322466,51,AGEP__discretized,94,94
0.6170212765957447,0.5957446808510638,0.16042198226778037,0.14907272626953627,-0.013521321784730868,0.13793103448275862,0.125,-0.015002212937361474,-0.24952955310156041,0.17732864046205735,0.17767422414119827,0.07158487019718124,0.2492590943383795,58,0.17436407862473016,0.061890686957171204,0.23625476558190137,56,AGEP__discretized,94,94
0.723404255319149,0.723404255319149,0.16593105994826018,0.1520115207794377,-0.01668764603372826,0.14705882352941177,0.1323529411764706,-0.01724029896857752,-0.2383100684804334,0.16436302356294014,0.168085765169655,0.0818881773634327,0.2499739425330877,68,0.16157815335427927,0.07122244410229807,0.23280059745657733,68,AGEP__discretized,94,94
0.8723404255319149,0.8617021276595744,0.16216790350015742,0.1287192554459392,-0.039922369153319474,0.14634146341463414,0.1111111111111111,-0.04126932516589389,-0.23512239675410715,0.12264312925479026,0.15285256279570325,0.08574162210230579,0.23859418489800904,82,0.13830338273886786,0.05956756407650529,0.19787094681537315,81,AGEP__discretized,94,94
0.8829787234042553,0.9042553191489362,0.17181573885296691,0.1341798026347844,-0.045443043850872784,0.1566265060240964,0.11764705882352941,-0.046217642026607095,-0.24601795352813507,0.12062933591278575,0.15587123220351248,0.09388012275121069,0.24975135495472317,83,0.13801245377850546,0.06517357574553166,0.2031860295240371,85,AGEP__discretized,94,94
0.9574468085106383,0.9574468085106383,0.15899933353398288,0.13768679187985677,-0.025341579883430772,0.14444444444444443,0.12222222222222222,-0.025973719189995963,-0.21077593999109687,0.13062193697964067,0.14519889133475003,0.08639988786660785,0.23159877920135788,90,0.1361012644500659,0.06963615965482384,0.20573742410488974,90,AGEP__discretized,94,94
1.0,1.0,0.1524990488714098,0.13205781645208092,-0.024119136622492317,0.13829787234042554,0.11702127659574468,-0.0246910714863309,-0.20027872649871048,0.12521005222416823,0.1397225353509467,0.08263778119593644,0.22236031654688312,94,0.13088837633862677,0.06661362828276755,0.19750200462139433,94,AGEP__discretized,94,94
0.2613526570048309,0.10869565217391304,0.9671083594682086,0.864881435515692,-3.1018830234271406,0.9704251386321626,0.8711111111111111,-3.3296017152244417,-7.929330780642751,-1.0609285872006657,0.029213322765670013,0.9525016980853735,0.9817150208510436,541,0.0877164700008265,0.8210232005152788,0.9087396705161053,225,DEAR,2070,2070
0.6400966183574879,0.6294685990338165,0.9646904985550437,0.8768628525486455,-2.4790133436795334,0.9660377358490566,0.8779739063699156,-2.5839251794582307,-4.509544668700667,-1.3305514796236362,0.019663152868257372,0.954858922120915,0.9745220749891724,1325,0.03556176443378456,0.8590819703317532,0.8946437347655377,1303,DEAR,2070,2070
0.6811594202898551,0.6797101449275362,0.9668133020731444,0.8774343294710878,-2.686573927991525,0.9680851063829787,0.8784648187633263,-2.8008994214402145,-4.8174680731949975,-1.4828338125817908,0.018500156816689484,0.9575632236647997,0.9760633804814892,1410,0.034162052349468564,0.8603533032963535,0.8945153556458221,1407,DEAR,2070,2070
0.714975845410628,0.7077294685990339,0.9670310267181592,0.8788700248472042,-2.6694569783048365,0.9682432432432433,0.879863481228669,-2.7780445650894,-4.738122336124207,-1.4870975820772312,0.018008047513050296,0.9580270029616341,0.9760350504746844,1480,0.03331268669444176,0.8622136814999833,0.8955263681944251,1465,DEAR,2070,2070
0.748792270531401,0.7425120772946859,0.9646548693249376,0.8780401913937499,-2.4477711908397857,0.9658064516129032,0.8789850357839948,-2.5361483301082672,-4.263672908899411,-1.3753552597856582,0.01821757869661078,0.9555460799766322,0.973763658673243,1550,0.032624146477421845,0.8617281181550389,0.8943522646324608,1537,DEAR,2070,2070
0.8502415458937198,0.851207729468599,0.9507207810681225,0.8771573017912853,-1.492318705185014,0.9517045454545454,0.8779795686719637,-1.526049948836868,-2.52043250101833,-0.8125233675737682,0.020106746973734824,0.9406674075812551,0.9607741545549899,1760,0.030576640759727325,0.8618689814114217,0.892445622171149,1762,DEAR,2070,2070
0.9096618357487922,0.9130434782608695,0.9369736504069217,0.8775395224715561,-0.9428368914775107,0.9378651088688263,0.8783068783068783,-0.9583584504902223,-1.6332558213396757,-0.45644035760538126,0.021857375471800222,0.9260449626710215,0.9479023381428218,1883,0.029488413361594024,0.8627953157907591,0.8922837291523531,1890,DEAR,2070,2070
0.9570048309178744,0.9555555555555556,0.9264824257061585,0.877931340908418,-0.6603104174689833,0.9273094396769308,0.8786653185035389,-0.6691015652488053,-1.198482332632168,-0.2671856409841689,0.022903506729444967,0.915030672341436,0.937934179070881,1981,0.02878811331092057,0.8635372842529576,0.8923253975638782,1978,DEAR,2070,2070
0.9826086956521739,0.9816425120772947,0.9175987274753339,0.8777307887449448,-0.48376799974298446,0.9183874139626352,0.8784448818897638,-0.48935633761936853,-0.9360896021881174,-0.1456983859426841,0.023825296559086273,0.9056860791957908,0.9295113757548771,2034,0.02842489504628154,0.863518341221804,0.8919432362680856,2032,DEAR,2070,2070
1.0,1.0,0.9098673967504533,0.8790067927598308,-0.34235314799140276,0.9106280193236715,0.8797101449275362,-0.3459072417302506,-0.7345804176771242,-0.04432426420350026,0.024603294542188126,0.8975657494793592,0.9221690440215473,2070,0.028036381386643883,0.8649886020665088,0.8930249834531527,2070,DEAR,2070,2070
0.04961832061068702,0.030534351145038167,0.9356355390703923,0.7519975998329886,-1.9838431161633798,1.0,0.8125,-5.6794492299059876,-12.293435240506813,0.26581772735822096,0.12872892185921536,0.8712710781407846,1.0,26,0.36417281890545994,0.5699111903802586,0.9340840092857186,16,DENSITY__discretized,524,524
0.16793893129770993,0.1736641221374046,0.9790864666675537,0.6634306366934324,-11.165820730191633,1.0,0.6703296703296703,-44.92478429354806,-58.80877500800257,-4.0597573164312495,0.04182706666489211,0.9581729333351077,0.9999999999999998,88,0.18972071602732588,0.5685702786797695,0.7582909947070954,91,DENSITY__discretized,524,524
0.2729007633587786,0.2538167938931298,0.9869197062888593,0.6498084000029665,-21.220498460946043,1.0,0.6541353383458647,-122.71641207190775,-152.5266991442966,-8.439222434047185,0.026160587422281556,0.9738394125777184,1.0,143,0.1596229458687798,0.5699969270685765,0.7296198729373563,133,DENSITY__discretized,524,524
0.3435114503816794,0.3377862595419847,0.9841127815832024,0.6907748379435882,-16.802413830607957,0.9944444444444445,0.6949152542372882,-42.019942041197815,-146.9590158297202,-6.526803372175433,0.029811704699163055,0.9692069292336208,0.9990186339327839,180,0.13447150916785144,0.6235390833596625,0.7580105925275139,177,DENSITY__discretized,524,524
0.4580152671755725,0.4599236641221374,0.9798199640284901,0.7062559185982589,-13.151925989529703,0.9875,0.7095435684647303,-21.185588613965916,-70.99378159673863,-5.4651228551519475,0.03183993729907786,0.9638999953789512,0.9957399326780291,240,0.11391745966942013,0.6492971887635488,0.7632146484329689,241,DENSITY__discretized,524,524
0.5896946564885496,0.5896946564885496,0.9746813307922628,0.7061747194350233,-10.52254664002376,0.9805825242718447,0.7087378640776699,-13.858262066238915,-36.73629706341105,-4.813145115741304,0.03277965195244914,0.9582915048160383,0.9910711567684874,309,0.1008237500217557,0.6557628444241455,0.7565865944459012,309,DENSITY__discretized,524,524
0.8072519083969466,0.8091603053435115,0.943958748814052,0.7056836666613936,-4.250063759562164,0.9479905437352246,0.7075471698113207,-4.621059852638427,-8.749143937359987,-2.2407632298866114,0.042894401546098915,0.9225115480410024,0.9654059495871014,423,0.08628747506014611,0.6625399291313205,0.7488274041914667,424,DENSITY__discretized,524,524
0.8530534351145038,0.8568702290076335,0.9291974400627553,0.7064740278937711,-3.1450205275648035,0.9328859060402684,0.7082405345211581,-3.346456762697513,-6.072742498390518,-1.6710835244840327,0.04677950100654904,0.9058076895594808,0.9525871905660298,447,0.08380966221521857,0.6645691967861618,0.7483788590013803,449,DENSITY__discretized,524,524
0.9370229007633588,0.9370229007633588,0.8930551826913053,0.7131995978094228,-1.681597865699232,0.8961303462321792,0.714867617107943,-1.7449241297277283,-3.0879734760487296,-0.8431037959820538,0.05411259906608101,0.8659988831582649,0.9201114822243459,491,0.07962741407838247,0.6733858907702315,0.753013304848614,491,DENSITY__discretized,524,524
1.0,1.0,0.8561675515599524,0.7046068913216748,-1.0536574000368664,0.8587786259541985,0.7061068702290076,-1.081004534273519,-1.9319164917166096,-0.4770433068847491,0.05964692400722571,0.8263440895563395,0.8859910135635652,524,0.07778207604694065,0.6657158532982044,0.743497929345145,524,DENSITY__discretized,524,524
0.35756596661281637,0.06569736133548734,0.9656793852678426,0.9211648569293633,-1.8771197761681861,0.9683734939759037,0.9344262295081968,-1.7201283396187117,-5.623268384727808,-0.19053314688793138,0.027086684636300262,0.9521360429496925,0.9792227275859927,664,0.09047254859683884,0.8759285826309439,0.9664011312277827,122,DEYE,1857,1857
0.5013462574044157,0.4765751211631664,0.9626452923318145,0.9190848618765255,-1.1552404472947442,0.9645542427497314,0.9209039548022598,-1.2192179484183654,-2.85066577678462,-0.2774056195123811,0.02401127193446051,0.9506396563645843,0.9746509282990448,931,0.03567148095048178,0.9012491214012845,0.9369206023517663,885,DEYE,1857,1857
0.5013462574044157,0.5158858373721056,0.9626452923318145,0.9210673144580055,-1.099124660081963,0.9645542427497314,0.9227557411273486,-1.1637509772671843,-2.734415465513907,-0.2524254881447567,0.02401127193446051,0.9506396563645843,0.9746509282990448,931,0.0339130285701158,0.9041108001729476,0.9380238287430634,958,DEYE,1857,1857
0.5810446957458266,0.5433494884221863,0.9622098608461914,0.9191179145591732,-1.1359215020311508,0.963855421686747,0.9207135777998018,-1.1887072850539306,-2.657153139261101,-0.3090388604239789,0.022476541831188745,0.950971589930597,0.9734481317617858,1079,0.033431573747641496,0.9024021276853524,0.9358337014329939,1009,DEYE,1857,1857
0.5810446957458266,0.5778136779752289,0.9622098608461914,0.9183531348183476,-1.154126166443134,0.963855421686747,0.9198508853681268,-1.210425268872683,-2.667008298202938,-0.3317819928577243,0.022476541831188745,0.950971589930597,0.9734481317617858,1079,0.03257276034639134,0.902066754645152,0.9346395149915433,1073,DEYE,1857,1857
0.7738287560581584,0.7662897145934303,0.9604948004085503,0.9201588034142881,-1.0202743844672488,0.9617258176757133,0.921293042867182,-1.0555890781550301,-2.176994884219145,-0.3299219959556969,0.019965309788307573,0.9505121455143966,0.9704774553027041,1437,0.02803638181160295,0.9061406125084867,0.9341769943200896,1423,DEYE,1857,1857
0.9009154550350027,0.8960689283791061,0.9583021226946992,0.9227020477704726,-0.8535330771322351,0.9593544530783025,0.9236778846153846,-0.8775066250465436,-1.7978546159753706,-0.259875217757458,0.019019692483960737,0.9487922764527188,0.9678119689366795,1673,0.025559711590763423,0.9099221919750909,0.9354819035658544,1664,DEYE,1857,1857
0.9235325794291869,0.9251480883144857,0.9552485024051475,0.9222223807399371,-0.7378128472266234,0.956268221574344,0.9231664726426076,-0.7567415914387159,-1.5799329191140914,-0.1962043567810544,0.019442457739688113,0.9455272735353034,0.9649697312749915,1715,0.025229958493828475,0.9096074014930229,0.9348373599868514,1718,DEYE,1857,1857
0.9553042541733979,0.9536887452880991,0.9511088410166761,0.9228546703538665,-0.5777800273177727,0.9520856820744081,0.9237718802936195,-0.5908011576674086,-1.3001861171781328,-0.10018248669597705,0.01995235920656724,0.9411326614133925,0.9610850206199597,1774,0.02475902759013726,0.9104751565587978,0.9352341841489351,1771,DEYE,1857,1857
1.0,1.0,0.9463034698970691,0.9210460790660491,-0.4702852852830593,0.9472267097469036,0.9219170705438879,-0.4795009761925725,-1.0959163335773514,-0.044371035147789104,0.020400635613904927,0.9361031520901167,0.9565037877040217,1857,0.024442920058547757,0.9088246190367751,0.9332675390953229,1857,DEYE,1857,1857
0.21821355833575792,0.026476578411405296,0.9828601501560286,0.7794136691855459,-11.431797959484237,0.9853333333333333,0.7912087912087912,-12.453220616552619,-26.246721055575115,-5.259974610114216,0.017861636467730868,0.9739293319221631,0.991790968389894,750,0.1652910482659462,0.6967681450525728,0.862059193318519,91,DPHY,3437,3437
0.3424498108815828,0.3203375036368926,0.9797426409517864,0.8389626602170963,-6.456548262876368,0.9813084112149533,0.8401453224341507,-6.9739728315936285,-12.21490332432034,-3.751732277206614,0.015763461103310394,0.9718609104001312,0.9876243715034416,1177,0.04328300883625691,0.8173211557989679,0.8606041646352248,1101,DPHY,3437,3437
0.4207157404713413,0.39307535641547864,0.977983296576226,0.8391540737172055,-6.08129993519416,0.979253112033195,0.8401184307920059,-6.453159291945794,-10.769952096380313,-3.6967327525945346,0.01489192175245213,0.9705373356999999,0.985429257452452,1446,0.03907805250829366,0.8196150474630587,0.8586930999713523,1351,DPHY,3437,3437
0.4768693628164097,0.4533022985161478,0.9757001935908022,0.8367819422575509,-5.598669008459387,0.9768151311775473,0.8376123234916559,-5.873889532946176,-9.427826689509391,-3.52090905013264,0.014724045029994803,0.9683381710758048,0.9830622161057996,1639,0.03661885650885632,0.8184725140031227,0.855091370511979,1558,DPHY,3437,3437
0.5196392202502182,0.5053826011056154,0.9749023975341677,0.8386293433058215,-5.352586443711763,0.9759238521836506,0.8393782383419689,-5.587397025428525,-8.787920939093162,-3.427407242596845,0.014348917283858342,0.9677279388922386,0.982076856176097,1786,0.03452935677437341,0.8213646649186348,0.8558940216930082,1737,DPHY,3437,3437
0.8036077974978179,0.8085539714867617,0.94398784900838,0.8343704676565818,-1.9561958174562621,0.944605358435916,0.8348326736236056,-1.9807956194928409,-2.7789621091984555,-1.3512101256843292,0.017094637294179038,0.9354405303612905,0.9525351676554695,2762,0.027608272168287096,0.8205663315724383,0.8481746037407254,2779,DPHY,3437,3437
0.9080593540878673,0.9066045970322956,0.9120209031295619,0.833670801462296,-0.8904413225178001,0.912528035885934,0.8340821566110398,-0.8966979539894762,-1.2979028536321293,-0.5655367596613361,0.019837641121107974,0.9021020825690078,0.9219397236901158,3121,0.02612030935258136,0.8206106467860054,0.8467309561385867,3116,DPHY,3437,3437
0.9499563572883328,0.9496654058772185,0.8950941078879784,0.8350835754422328,-0.5719861384116047,0.8955589586523737,0.8354779411764706,-0.5752065243739595,-0.8813939504170457,-0.3188482274440068,0.02098893075103503,0.8845996425124609,0.905588573263496,3265,0.025435253157918503,0.8223659488632735,0.847801202021192,3264,DPHY,3437,3437
0.9752691300552808,0.9743962758219378,0.887682200117164,0.835088913030553,-0.46821249589510966,0.888126491646778,0.8354732756046581,-0.4706074132351323,-0.7458900012243463,-0.2387280293296796,0.02134788995482173,0.8770082551397532,0.898356145094575,3352,0.02511075009999786,0.8225335379805541,0.8476442880805519,3349,DPHY,3437,3437
1.0,1.0,0.8799942588601944,0.8332033788016925,-0.38987285846108755,0.8804189700320046,0.8335757928425953,-0.3916947383256534,-0.6420630347181272,-0.17950009933984531,0.0216997425701686,0.8691443875751101,0.8908441301452787,3437,0.02490123668596045,0.8207527604587123,0.8456539971446727,3437,DPHY,3437,3437
0.26836340206185566,0.08440721649484537,0.970220489021342,0.8535942076792526,-3.9951455535072613,0.9723889555822329,0.8587786259541985,-4.182842728906486,-8.574183315934935,-1.7692424239126658,0.02262291779122305,0.9589090301257305,0.9815319479169535,833,0.08436507581893538,0.811411669769785,0.8957767455887203,262,DREM,3104,3104
0.2693298969072165,0.30444587628865977,0.9703268644949479,0.8419960173360446,-3.9197546125327,0.972488038277512,0.8433862433862434,-4.223544600211836,-7.610043882692892,-2.1265305672474057,0.022543207568203605,0.9590552607108461,0.9815984682790497,836,0.046333261103263856,0.8188293867844126,0.8651626478876765,945,DREM,3104,3104
0.43137886597938147,0.35728092783505155,0.9665480022862882,0.8491063321919217,-3.4473936482461265,0.9678864824495892,0.8503155996393147,-3.591662462799431,-6.011843461493108,-1.9995394873927352,0.019048182342122355,0.9570239111152271,0.9760720934573495,1339,0.04199149317871653,0.8281105856025635,0.87010207878128,1109,DREM,3104,3104
0.43137886597938147,0.38079896907216493,0.9665480022862882,0.8533355971688582,-3.3178156742572487,0.9678864824495892,0.8544839255499154,-3.458653811001391,-5.7963595717746115,-1.9184628476427081,0.019048182342122355,0.9570239111152271,0.9760720934573495,1339,0.04020517288279746,0.8332330107274595,0.8734381836102569,1182,DREM,3104,3104
0.43137886597938147,0.40431701030927836,0.9665480022862882,0.8578687346554639,-3.180356099196277,0.9678864824495892,0.8589641434262948,-3.3172012384015614,-5.571883940194931,-1.8301313775034551,0.019048182342122355,0.9570239111152271,0.9760720934573495,1339,0.03851665223411571,0.838610408538406,0.8771270607725217,1255,DREM,3104,3104
0.6990979381443299,0.7123067010309279,0.9586351023689055,0.874518905945382,-2.0299596874632906,0.9594470046082949,0.8751696065128901,-2.0745005240240566,-3.208893923362955,-1.2457751969856994,0.0166631863853538,0.9503035091762286,0.9669666955615824,2170,0.02756117569413996,0.8607383180983119,0.8882994937924519,2211,DREM,3104,3104
0.9181701030927835,0.9178479381443299,0.9429117798724278,0.8773430860209818,-1.148333307413085,0.9435087719298245,0.8778518778518779,-1.1620274378887978,-1.7710517337770981,-0.686848222122214,0.01698254083918782,0.934420509452834,0.9514030502920218,2850,0.024053720443468762,0.8653162257992474,0.8893699462427161,2849,DREM,3104,3104
0.9584407216494846,0.9590850515463918,0.9281866012785263,0.8785843747780088,-0.6906127495950143,0.9287394957983194,0.8790728921733288,-0.696873579638483,-1.1279114192763189,-0.35314730987527826,0.018509818838509884,0.9189316918592714,0.9374415106977813,2975,0.02342938405716599,0.8668696827494258,0.8902990668065918,2977,DREM,3104,3104
0.9780927835051546,0.9790592783505154,0.9207456268117968,0.8790864609972346,-0.5255722749591273,0.9212779973649539,0.8795656465942744,-0.5298016110363535,-0.9016211123555274,-0.23068319517217742,0.019176374681572184,0.9111574394710108,0.930333814152583,3036,0.023148362236699804,0.8675122798788848,0.8906606421155846,3039,DREM,3104,3104
1.0,1.0,0.914435555052009,0.8800065143761046,-0.4023285304021446,0.9149484536082474,0.8804768041237113,-0.4052553820944683,-0.7348151024689931,-0.13830057096114154,0.019641794014834124,0.904614658044592,0.9242564520594261,3104,0.022829826818042243,0.8685916009670834,0.8914214277851257,3104,DREM,3104,3104
0.4126133553173949,0.10305028854080792,0.9921174337097486,0.9609176158361319,-5.100963407208264,0.994005994005994,0.968,-5.759608008497472,-19.838594787462252,-1.236350190307879,0.0102652997676409,0.9869847838259281,0.997250083593569,1001,0.04556003734043679,0.9381375971659135,0.9836976345063503,250,DVET,2426,2426
0.5643033800494641,0.5280296784830998,0.9891314985321289,0.9595897773582096,-2.665115686667108,0.9905040175310446,0.960967993754879,-3.0398783251851116,-7.855209340467659,-0.8304114424123706,0.010621292461603038,0.9838208523013273,0.9944421447629304,1369,0.021358237991439766,0.9489106583624897,0.9702688963539294,1281,DVET,2426,2426
0.5651277823577906,0.5688375927452597,0.9891473090845357,0.9617580980299246,-2.466649799373607,0.9905178701677607,0.9630434782608696,-2.8228503233226685,-7.366185716567468,-0.7349554547810568,0.010605910543461383,0.983844353812805,0.9944502643562664,1371,0.020044939615218027,0.9517356282223156,0.9717805678375336,1380,DVET,2426,2426
0.5651277823577906,0.6117065127782357,0.9891473090845357,0.962414860078794,-2.400734057266179,0.9905178701677607,0.9636118598382749,-2.7567235276193025,-7.165483271935224,-0.7166787900134642,0.010605910543461383,0.983844353812805,0.9944502643562664,1371,0.01917964386576987,0.952825038145909,0.9720046820116789,1484,DVET,2426,2426
0.6681780708985985,0.645919208573784,0.9852781148089927,0.9618543748804973,-1.582490295059975,0.986428130783467,0.9629865985960434,-1.7169654914260721,-4.253318742923017,-0.40369300787344475,0.011484554121840906,0.9795358377480723,0.9910203918699132,1621,0.018809265567213296,0.9524497420968906,0.9712590076641039,1567,DVET,2426,2426
0.8557295960428689,0.8470733718054411,0.9798442668634383,0.9568103075497221,-1.1420065137103268,0.9807321772639692,0.9576642335766423,-1.1963550591251404,-2.6590063070229872,-0.31828358013935987,0.011948268608312773,0.9738701325592819,0.9858184011675947,2076,0.017478739500019214,0.9480709377997125,0.9655496772997317,2055,DVET,2426,2426
0.9117889530090684,0.9130255564715581,0.9770196873934076,0.9563192182906749,-0.9003583427968401,0.9778481012658228,0.9571106094808126,-0.9356827702230115,-2.1033096238427214,-0.20734632650523468,0.01236751483606835,0.9708359299753735,0.9832034448114418,2212,0.01693464849689086,0.9478518940422295,0.9647865425391203,2215,DVET,2426,2426
0.9480626545754328,0.9505358615004122,0.9770293527761079,0.9554425135901345,-0.9393395535094942,0.9778260869565217,0.9562012142237641,-0.9747900427976718,-2.130128453488277,-0.24586328858941517,0.012130631089312338,0.9709640372314517,0.9830946683207641,2300,0.016760227728717103,0.947062399725776,0.9638226274544931,2306,DVET,2426,2426
0.971558120362737,0.9727947238252267,0.9767367989895512,0.9543451913800565,-0.9621183740491102,0.9775137887144676,0.9550847457627119,-0.997012710135812,-2.1345171469917656,-0.27227615927372806,0.012061436396696101,0.9707060807912031,0.9827675171878992,2357,0.016764237441863172,0.9459630726591248,0.962727310100988,2360,DVET,2426,2426
1.0,1.0,0.9749281052106524,0.9551737299505907,-0.7875950132942703,0.9756801319043693,0.9558944765045342,-0.8132249349674155,-1.8042910643555183,-0.17239023761390382,0.012341634691185321,0.9687572878650598,0.9810989225562451,2426,0.016391790886895685,0.9469778345071428,0.9633696253940385,2426,DVET,2426,2426
0.24060150375939848,0.24060150375939848,0.5,0.3883973997818838,-0.22155492136898466,0.5,0.375,-0.24815161221151832,-1.277382251656164,0.3163652975194678,0.3273823426134504,0.3363088286932748,0.6636911713067252,32,0.3181170533746834,0.2293388730945421,0.5474559264692255,32,EDU,133,133
0.5488721804511278,0.556390977443609,0.4154102472837294,0.33299388016423004,-0.14090204921552688,0.410958904109589,0.32432432432432434,-0.14699572171714295,-0.6252657679059856,0.18999615644331427,0.22019504054884587,0.30531272700930645,0.5255077675581523,73,0.20870626217317328,0.22864074907764337,0.43734701125081665,74,EDU,133,133
0.631578947368421,0.6390977443609023,0.3747743930066817,0.30301989372642235,-0.11473660889546074,0.36904761904761907,0.29411764705882354,-0.11872732165460977,-0.5111524466242284,0.1713675589255757,0.20214641583295834,0.2737011850902025,0.47584760092316086,84,0.1903292458752007,0.20785527078882202,0.3981845166640227,85,EDU,133,133
0.6992481203007519,0.6917293233082706,0.35027073965451794,0.29132204114904814,-0.09072097127557192,0.34408602150537637,0.2826086956521739,-0.0937202826143706,-0.440261020339376,0.16979783612455954,0.1896401052416662,0.25545068703368484,0.44509079227535103,93,0.18113049625454647,0.2007567930217749,0.3818872892763214,92,EDU,133,133
0.7518796992481203,0.7368421052631579,0.3266588296772574,0.2839779569660915,-0.0633858147979172,0.32,0.2755102040816326,-0.06542509367601729,-0.3768030597029493,0.17615342650431612,0.1799347128545329,0.23669147324999093,0.41662618610452384,100,0.17436486174012317,0.19679552609602996,0.3711603878361531,98,EDU,133,133
0.7518796992481203,0.7744360902255639,0.3266588296772574,0.28004793027546826,-0.06921576798909186,0.32,0.27184466019417475,-0.07080922284316124,-0.3793831605588257,0.16783966881483595,0.1799347128545329,0.23669147324999093,0.41662618610452384,100,0.16952124733227042,0.19528730660933308,0.3648085539416035,103,EDU,133,133
0.8270676691729323,0.8195488721804511,0.32431707914512076,0.28288121887071066,-0.061323268061071384,0.3181818181818182,0.27522935779816515,-0.06299574375084667,-0.3559395162751383,0.1669169854568459,0.1715590074382704,0.23853757542598553,0.41009658286425593,110,0.16552197060679927,0.20012023356731104,0.3656422041741103,109,EDU,133,133
0.8872180451127819,0.8872180451127819,0.31943748693639723,0.2701931651917784,-0.07235696727023017,0.3135593220338983,0.2627118644067797,-0.07407275832675822,-0.3517393476569919,0.1465572391892409,0.16517516191759707,0.2368499059775987,0.40202506789519576,118,0.1570073973031179,0.1916894665402194,0.3486968638433373,118,EDU,133,133
0.9473684210526315,0.9548872180451128,0.3151591932347044,0.2745362955603624,-0.059316371247661266,0.30952380952380953,0.2677165354330709,-0.06054754167178631,-0.3247423935005425,0.15076086770780325,0.15943390165201107,0.2354422424086989,0.39487614406071,126,0.15234569822285068,0.19836344644893708,0.35070914467178776,127,EDU,133,133
1.0,1.0,0.31365296584996855,0.2771143317029036,-0.053235608187965196,0.3082706766917293,0.2706766917293233,-0.05434704041778526,-0.3101458342967635,0.1515084923033409,0.15511427143164033,0.2360958301341484,0.3912101015657887,133,0.14944196511355648,0.20239334914612536,0.35183531425968184,133,EDU,133,133
0.05044136191677175,0.05044136191677175,0.9651636618514304,0.8220363812817596,-2.0400431839220556,0.9875,0.8375,-3.136591775630391,-6.826576844736297,-0.2922158186974491,0.06525272525623427,0.9325372992233133,0.9977900244795476,80,0.16093084937747348,0.7415709565930229,0.9025018059704963,80,HISP,1586,1586
0.28814627994955866,0.30012610340479196,0.9437534776565484,0.7292423840789974,-3.649684420619629,0.9474835886214442,0.7310924369747899,-3.9313909429338025,-7.226294041227345,-1.9376099556613788,0.0414095441530854,0.9230487055800056,0.964458249733091,457,0.07943073267923317,0.6895270177393809,0.768957750418614,476,HISP,1586,1586
0.3455233291298865,0.35498108448928123,0.9349075194764978,0.7249306186341098,-3.14962834844393,0.9379562043795621,0.7264653641207816,-3.3244294730947854,-5.768363014690436,-1.7564169502367737,0.04071338731385776,0.9145508258195689,0.9552642131334267,548,0.07345821651326923,0.6882015103774752,0.7616597268907445,563,HISP,1586,1586
0.41488020176544765,0.41488020176544765,0.9245729793064058,0.743260674976268,-2.376018374421051,0.9270516717325228,0.7446808510638298,-2.4701248040217703,-4.162543081724174,-1.3305051041455591,0.03993312673101568,0.904606415940898,0.9445395426719136,658,0.06650042066405726,0.7100104646442394,0.7765108853082967,658,HISP,1586,1586
0.47099621689785626,0.4728877679697352,0.914867874356933,0.7454096917001793,-1.9775273175675776,0.9170013386880856,0.7466666666666667,-2.0385104918752712,-3.3470571397056545,-1.1231263120478632,0.039696117503339345,0.8950198156052633,0.9347159331086027,747,0.0621445822476131,0.7143374005763728,0.776481982823986,750,HISP,1586,1586
0.7194199243379571,0.7244640605296343,0.8952512345824042,0.7571906117110903,-1.3172955219899702,0.8965819456617002,0.7580504786771105,-1.3387867803998228,-2.07177535992874,-0.7807200844854626,0.03537781353538938,0.8775623278147094,0.9129401413500988,1141,0.04947289058647364,0.7324541664178534,0.7819270570043271,1149,HISP,1586,1586
0.8770491803278688,0.8738965952080706,0.872443761772915,0.7489492580640006,-0.96806091382792,0.8734723220704529,0.7496392496392497,-0.9786051838125703,-1.4874537090158133,-0.5738315589902049,0.034953160833451236,0.8549671813561894,0.8899203421896407,1391,0.04557261380138278,0.7261629511633092,0.771735564964692,1386,HISP,1586,1586
0.9287515762925599,0.9243379571248423,0.8551498347147095,0.7469654110119113,-0.7468175744390156,0.8560760353021045,0.747612551159618,-0.753562055499781,-1.1685282664046321,-0.41798426688924906,0.035852078677122146,0.8372237953761484,0.8730758740532706,1473,0.0444323557081312,0.7247492331578457,0.7691815888659769,1466,HISP,1586,1586
0.9735182849936949,0.9703656998738966,0.8424123297510127,0.7420857942756434,-0.6365990503506201,0.8432642487046632,0.7426900584795322,-0.6416389664025741,-1.0058305537540968,-0.34356067364383025,0.03626274273462615,0.8242809583836995,0.8605437011183257,1544,0.04364315081067649,0.7202642188703051,0.7639073696809816,1539,HISP,1586,1586
1.0,1.0,0.8377695285404958,0.7415335176155502,-0.5931689550653606,0.8385876418663304,0.7421185372005045,-0.5976192256214121,-0.9425132772842221,-0.31396051543734027,0.03620659823156791,0.8196662294247119,0.8558728276562798,1586,0.043023777286861686,0.7200216289721193,0.763045406258981,1586,HISP,1586,1586
0.9445155100735529,0.05687026969406247,0.9953781967753749,0.9898017308534413,-7.6488547931666275,0.9954855820777608,0.9915651358950328,-7.476143494952436,-11.54157152711991,-5.130208699732032,0.0019854599147517416,0.994385466817999,0.9963709267327507,17721,0.011508777250598623,0.9840473422281419,0.9955561194787406,1067,HOUSING_TYPE,18762,18762
0.9445155100735529,0.3375439718580109,0.9953781967753749,0.9807600158213463,-3.502988368893081,0.9954855820777608,0.981051634296542,-3.5455141115484907,-5.655678468130423,-2.110165597708968,0.0019854599147517416,0.994385466817999,0.9963709267327507,17721,0.00673916388429141,0.9773904338792007,0.9841295977634921,6333,HOUSING_TYPE,18762,18762
0.9445155100735529,0.4432363287496003,0.9953781967753749,0.9831822841693693,-2.779230998947502,0.9954855820777608,0.9834054834054834,-2.8196293087250823,-4.566354046579284,-1.6229355913868122,0.0019854599147517416,0.994385466817999,0.9963709267327507,17721,0.005508078790732229,0.9804282447740031,0.9859363235647354,8316,HOUSING_TYPE,18762,18762
0.9445155100735529,0.5567103720285684,0.9953781967753749,0.9855562236248744,-2.1751089794239973,0.9954855820777608,0.9857348013403542,-2.2110074444447427,-3.6677377689287196,-1.2093557724558106,0.0019854599147517416,0.994385466817999,0.9963709267327507,17721,0.004561402115981439,0.9832755225668837,0.9878369246828651,10445,HOUSING_TYPE,18762,18762
0.9445155100735529,0.7257222044558149,0.9953781967753749,0.9833389595542329,-2.6080232938625993,0.9954855820777608,0.9834753231492362,-2.663517191317485,-4.181675322646218,-1.5898468362357483,0.0019854599147517416,0.994385466817999,0.9963709267327507,17721,0.0042906136302161,0.9811936527391248,0.9854842663693409,13616,HOUSING_TYPE,18762,18762
0.9445155100735529,0.8848203816224283,0.9953781967753749,0.9800106053265552,-3.3181173526934673,0.9954855820777608,0.9801216794169026,-3.3960522237876183,-5.080174697837583,-2.1780398304721493,0.0019854599147517416,0.994385466817999,0.9963709267327507,17721,0.004251910589278318,0.9778846500319159,0.9821365606211943,16601,HOUSING_TYPE,18762,18762
0.9445155100735529,0.9340688625946061,0.9953781967753749,0.9795239902047415,-3.4227611873174353,0.9954855820777608,0.9796291012838801,-3.5044974534054054,-5.204555464939073,-2.269913573851773,0.0019854599147517416,0.994385466817999,0.9963709267327507,17721,0.004187793878243862,0.9774300932656195,0.9816178871438633,17525,HOUSING_TYPE,18762,18762
0.9816650676900117,0.981558469246349,0.9878448237701486,0.978994350723629,-0.7275247903739369,0.987946574003692,0.9790942658557776,-0.7338132914811858,-1.180612280967599,-0.3785484538299697,0.0031581810276344324,0.9862657332563314,0.9894239142839658,18418,0.004137017357041861,0.976925842045108,0.9810628594021499,18416,HOUSING_TYPE,18762,18762
0.9972817396866006,0.996002558362648,0.9753713794250123,0.9789243983328292,0.14420526660710506,0.9754689754689755,0.9790228501097019,0.14481361922127298,-0.032213222541333755,0.2914792628818866,0.0044368042809402874,0.9731529772845421,0.9775897815654824,18711,0.004113688397807236,0.9768675541339256,0.9809812425317328,18687,HOUSING_TYPE,18762,18762
1.0,1.0,0.9731469153399737,0.9787421880182816,0.2082885397980371,0.9732437906406567,0.9788402089329495,0.20908520206053335,0.04981267691566109,0.3416589839159034,0.004621672253648623,0.9708360792131493,0.9754577514667979,18762,0.0041228466554924514,0.9766807646905353,0.9808036113460278,18762,HOUSING_TYPE,18762,18762
0.14102564102564102,0.11538461538461539,0.8705835165159843,0.3053180690054289,-4.069824757333607,1.0,0.2222222222222222,-80.06884598232219,-96.36749792843406,-0.7282027515210253,0.25883296696803193,0.7411670330319683,1.0000000000000002,11,0.48418592377516445,0.06322510711784671,0.5474110308930111,9,INDP,78,78
0.41025641025641024,0.41025641025641024,0.8348078006543485,0.30469544961829664,-3.1913663130608776,0.875,0.28125,-4.715442409130837,-15.699197410034762,-0.9430847712727162,0.2309817109417015,0.7193169451834978,0.9502986561251993,32,0.298099289281738,0.15564580497742767,0.4537450942591657,32,INDP,78,78
0.48717948717948717,0.5,0.8106966240280897,0.32493593340530225,-2.5593845651305718,0.8421052631578947,0.3076923076923077,-3.3741284885687075,-9.875133839192495,-0.7601935119831271,0.22972948364064216,0.6958318822077686,0.9255613658484108,38,0.2785532206723817,0.18565932306911137,0.46421254374149307,39,INDP,78,78
0.5641025641025641,0.5641025641025641,0.7299260990603799,0.353683391507031,-1.39182057981913,0.75,0.3409090909090909,-1.6347273163517233,-4.352964575363316,-0.29642467391695515,0.24866352529994273,0.6055943364104085,0.8542578617103512,44,0.2698503926271731,0.21875819519344447,0.48860858782061756,44,INDP,78,78
0.6153846153846154,0.6153846153846154,0.673606225687603,0.3842625162082647,-0.8860617633467733,0.6875,0.375,-0.9994994593313845,-2.747263888115743,-0.06680876608689645,0.25387387969303776,0.5466692858410841,0.8005431655341219,48,0.26421969719916544,0.252152667608682,0.5163723648078474,48,INDP,78,78
0.6794871794871795,0.6794871794871795,0.6319459450127534,0.40323964032398074,-0.6212517067948995,0.6415094339622641,0.39622641509433965,-0.6840505198549556,-1.9789375481698774,0.048003083380819184,0.25006905891831765,0.5069114155535945,0.7569804744719122,53,0.25469114588792796,0.27589406738001676,0.5305852132679447,53,INDP,78,78
0.7435897435897436,0.7692307692307693,0.6131926725774065,0.39035338274991055,-0.5760242170136881,0.6206896551724138,0.38333333333333336,-0.6256759021126418,-1.744434317769645,0.03504059222253615,0.2423292012994353,0.4920280719276889,0.7343572732271242,58,0.23894131801818064,0.27088272374082023,0.5098240417590009,60,INDP,78,78
0.9102564102564102,0.8974358974358975,0.5467655234832519,0.3781172508813201,-0.37209077296029763,0.5492957746478874,0.37142857142857144,-0.3946336292526984,-1.1507334916653207,0.0963198200331532,0.22550972953701404,0.4340106587147449,0.659520388251759,71,0.2208214750688175,0.2677065133469113,0.4885279884157288,70,INDP,78,78
0.9358974358974359,0.9487179487179487,0.5455483283856841,0.37153375397248456,-0.38290217612024235,0.547945205479452,0.36486486486486486,-0.40498646314122616,-1.14369757641757,0.07854598507827269,0.22261022657520219,0.434243215098083,0.6568534416732852,73,0.21429622208771498,0.2643856429286271,0.4786818650163421,74,INDP,78,78
1.0,1.0,0.5366562380879925,0.3655937936773607,-0.3691832428526113,0.5384615384615384,0.358974358974359,-0.3888804631455206,-1.0784795627011847,0.07192409885201931,0.2160395973680337,0.42863643940397567,0.6446760367720094,78,0.2082763483607073,0.2614556194970071,0.46973196785771437,78,INDP,78,78
0.11458333333333333,0.109375,0.9256725626956895,0.6006382120327564,-3.719637383314629,1.0,0.6190476190476191,-28.909410899095146,-44.82924039536684,-0.3678876630246964,0.14865487460862092,0.8513451253913791,1.0,22,0.38370334856319754,0.4087865377511576,0.7924898863143551,21,INDP_CAT,192,192
0.4479166666666667,0.453125,0.9786209013571288,0.7256678862947763,-11.469501924276855,1.0,0.735632183908046,-392.48739311169277,-542.7419338531836,-3.230795131072196,0.04275819728574215,0.9572418027142576,0.9999999999999998,86,0.18246374714152302,0.6344360127240147,0.8168997598655378,87,INDP_CAT,192,192
0.6145833333333334,0.609375,0.9514062826590068,0.7441215149824731,-4.251993655978228,0.9661016949152542,0.7521367521367521,-6.282915317285365,-23.851140060950552,-1.1245519399170953,0.07066776738766689,0.9160723989651735,0.9867401663528403,118,0.15479818575987203,0.6667224221025372,0.8215206078624092,117,INDP_CAT,192,192
0.6979166666666666,0.703125,0.9352826828251197,0.7700922355506876,-2.5497091512916867,0.9477611940298507,0.7777777777777778,-3.249588099139124,-10.700595922099838,-0.5426786938129964,0.07837063024159463,0.8960973677043224,0.974467997945917,134,0.13915721645458723,0.700513627323394,0.8396708437779812,135,INDP_CAT,192,192
0.7760416666666666,0.7708333333333334,0.928548644493385,0.7831901137803059,-2.033510863732415,0.9395973154362416,0.7905405405405406,-2.4664798067417926,-7.775985601829219,-0.3687415660808258,0.07870226201292474,0.8891975134869227,0.9678997754998474,149,0.13027996970189137,0.7180501289293602,0.8483300986312515,148,INDP_CAT,192,192
0.8072916666666666,0.8125,0.9123608564558623,0.7877851612428135,-1.4210861860613715,0.9225806451612903,0.7948717948717948,-1.6490809198635166,-5.135153856108285,-0.14392432593168675,0.0855994714989452,0.8695611207063897,0.9551605922053349,155,0.1259969024661891,0.724786710009719,0.8507836124759081,156,INDP_CAT,192,192
0.8697916666666666,0.8697916666666666,0.889249778473238,0.7546220355426444,-1.215450075517054,0.8982035928143712,0.7604790419161677,-1.352762112690944,-3.7974889394533453,-0.15380233389897113,0.09243612781935251,0.8430317145635617,0.9354678423829142,167,0.12853103586796166,0.6903565176086636,0.8188875534766252,167,INDP_CAT,192,192
0.921875,0.921875,0.8566660013727954,0.7405421869723503,-0.8101019742865888,0.864406779661017,0.7457627118644068,-0.8749310283810503,-2.480278358073013,-0.010072835082215055,0.10098834590874584,0.8061718284184224,0.9071601743271682,177,0.12735426914305836,0.6768650524008212,0.8042193215438795,177,INDP_CAT,192,192
0.9583333333333334,0.9635416666666666,0.8460364948615864,0.7144656170997649,-0.8545026606005917,0.8532608695652174,0.7189189189189189,-0.9154523514253581,-2.4009121128261075,-0.07892735701448299,0.10222988028234015,0.7949215547204163,0.8971514350027564,184,0.12853763023531983,0.6501968019821049,0.7787344322174248,185,INDP_CAT,192,192
1.0,1.0,0.8216887801968463,0.6991406734551906,-0.6872323264552297,0.828125,0.703125,-0.7272304156849053,-1.917697920755807,-0.022488125470955855,0.10645800710389475,0.768459776644899,0.8749177837487937,192,0.12822394542814208,0.6350287007411195,0.7632526461692616,192,INDP_CAT,192,192
0.22418879056047197,0.22713864306784662,0.8381701737268592,0.5680343981941118,-1.625598809969857,0.8552631578947368,0.5714285714285714,-1.9039376028169432,-5.247964078812896,-0.33887718583056026,0.15808932716312862,0.7591255101452948,0.9172148373084235,76,0.21585815515968348,0.46010532061427006,0.6759634757739535,77,MSP,339,339
0.640117994100295,0.6342182890855457,0.7015020197640085,0.5891056023163196,-0.37639830975617894,0.7050691244239631,0.5906976744186047,-0.38764265969126305,-0.9976552995384281,0.03626062259541345,0.12049701249811784,0.6412535135149496,0.7617505260130675,217,0.13033098370039364,0.5239401104661228,0.6542710941665164,215,MSP,339,339
0.7050147492625368,0.7079646017699115,0.6708933894629673,0.5574143546700758,-0.34473833428727785,0.6736401673640168,0.5583333333333333,-0.353238667902181,-0.8693802774347482,0.020334608732055004,0.11807272534681235,0.6118570267895611,0.7299297521363735,239,0.1246710458524064,0.49507883174387257,0.619749877596279,240,MSP,339,339
0.7315634218289085,0.7404129793510325,0.662800835859163,0.5568981203729577,-0.31401289149329076,0.6653225806451613,0.5577689243027888,-0.3213107821486685,-0.8074782178748433,0.03391654768724796,0.11666752770515765,0.6044670720065842,0.7211345997117419,248,0.12196609313785128,0.49591507380403205,0.6178811669418833,251,MSP,339,339
0.7640117994100295,0.7728613569321534,0.6578898556803041,0.5564246076083914,-0.2965511961474956,0.6602316602316602,0.5572519083969466,-0.3030519162812862,-0.7670486191708533,0.0389483921635891,0.11461295228243185,0.6005833795390882,0.7151963318215201,259,0.11942975599611105,0.4967097296103359,0.6161394856064469,262,MSP,339,339
0.8200589970501475,0.8200589970501475,0.6419237615621616,0.5674137867420268,-0.20807249116016524,0.6438848920863309,0.5683453237410072,-0.21210930426193733,-0.6231242671316689,0.09482719640886937,0.11187731253189137,0.585985105296216,0.6978624178281073,278,0.11566617222252207,0.5095807006307658,0.6252468728532878,278,MSP,339,339
0.887905604719764,0.887905604719764,0.6131735825352178,0.5738088581751419,-0.10176008180975725,0.6146179401993356,0.574750830564784,-0.10344501430374249,-0.4501176729680934,0.16035043561764165,0.10930528247158111,0.5585209412994272,0.6678262237710083,301,0.1110107817979219,0.518303467276181,0.6293142490741029,301,MSP,339,339
0.9321533923303835,0.9292035398230089,0.5937964706345911,0.5674316322586233,-0.06490390720503596,0.5949367088607594,0.5682539682539682,-0.06587140562478275,-0.38181039513502196,0.17786228588039701,0.10762299025046607,0.539984975509358,0.647607965759824,316,0.1087491273653548,0.5130570685759458,0.6218061959413006,315,MSP,339,339
0.9734513274336283,0.9734513274336283,0.5778812796105248,0.5718904119481769,-0.014192039108245293,0.5787878787878787,0.5727272727272728,-0.014388146767812724,-0.3034886012139261,0.21059279514860527,0.10594530332423602,0.5249086279484068,0.6308539312726428,330,0.10614229434094191,0.5188192647777059,0.6249615591186478,330,MSP,339,339
1.0,1.0,0.5685448022559328,0.5656280021599356,-0.006760221012605112,0.5693215339233039,0.5663716814159292,-0.0068491560367195175,-0.2844018155643534,0.2107258006565557,0.10484180360326789,0.5161239004542989,0.6209657040575668,339,0.10492636809541789,0.5131648181122267,0.6180911862076446,339,MSP,339,339
0.15665236051502146,0.023605150214592276,0.8578797230303752,0.6010682317770866,-1.9464661994348391,0.8767123287671232,0.6363636363636364,-2.1160161424115285,-8.07141189519201,0.06963744060652884,0.1517655331611909,0.7819969564497797,0.9337624896109706,73,0.4945341145384754,0.35380117450784887,0.8483352890463243,11,NOC,466,466
0.2575107296137339,0.26824034334763946,0.8229936111937655,0.5659725532278337,-1.4252480371845881,0.8333333333333334,0.568,-1.5609200597774555,-3.593806526862269,-0.4249989325685554,0.13289285025277675,0.7565471860673771,0.8894400363201539,120,0.17111507925356284,0.4804150136010523,0.6515300928546152,125,NOC,466,466
0.3261802575107296,0.33047210300429186,0.8015885525948303,0.5760256531437146,-1.1263714269669753,0.8092105263157895,0.577922077922078,-1.2006727180334247,-2.641963254460513,-0.32887188287177255,0.12431808904262287,0.7394295080735189,0.8637475971161418,152,0.1541452029505867,0.49895305166842124,0.653098254619008,154,NOC,466,466
0.4034334763948498,0.4012875536480687,0.7762697923890205,0.5864592007520895,-0.8447790417609724,0.7819148936170213,0.5882352941176471,-0.88421190427119,-1.9180074029835548,-0.2161833015334197,0.11741315463232749,0.7175632150728568,0.8349763697051843,188,0.13969545336766598,0.5166114740682565,0.6563069274359224,187,NOC,466,466
0.4978540772532189,0.4978540772532189,0.7586483322526307,0.6060034148576354,-0.6312960801176344,0.7629310344827587,0.6077586206896551,-0.6533207322900489,-1.4381034381418414,-0.121053033527179,0.10889194168400895,0.7042023614106262,0.8130943030946352,232,0.12467589531763557,0.5436654671988177,0.6683413625164533,232,NOC,466,466
0.6051502145922747,0.6072961373390557,0.7099065693533193,0.6202755004169955,-0.3087825206123282,0.7127659574468085,0.6219081272084805,-0.3161229482310195,-0.8341292225402244,0.055551595031199615,0.10506334593369371,0.6573748963864724,0.7624382423201661,282,0.11228006022614456,0.5641354703039232,0.6764155305300678,283,NOC,466,466
0.7317596566523605,0.7381974248927039,0.6899423585087482,0.6322441555873078,-0.18605273532169647,0.6920821114369502,0.6337209302325582,-0.18949817228729676,-0.6012110238307887,0.11626855522299158,0.0975400612511097,0.6411723278831933,0.738712389134303,341,0.10130413011780925,0.5815920905284032,0.6828962206462125,344,NOC,466,466
0.8776824034334764,0.8776824034334764,0.6659232582785515,0.6150562739887766,-0.1522555227022104,0.6674816625916871,0.6161369193154034,-0.1544058012107554,-0.49637508266409375,0.10941286951844713,0.09094296529997403,0.6204517756285645,0.7113947409285385,409,0.09384873426858353,0.5681319068544848,0.6619806411230683,409,NOC,466,466
0.944206008583691,0.9463519313304721,0.6396895192367488,0.6247635509224667,-0.0414240705966634,0.6409090909090909,0.6258503401360545,-0.04193451744749304,-0.3312111706053173,0.1844653901291463,0.08929490046538624,0.5950420690040557,0.6843369694694419,440,0.08996222329533732,0.579782439274798,0.6697446625701353,441,NOC,466,466
1.0,1.0,0.6149323862043601,0.6170607637266632,0.00552713906509411,0.6158798283261803,0.6180257510729614,0.005586446743900522,-0.2515644168668639,0.2099021769894501,0.08798015384967572,0.5709423092795223,0.658922463129198,466,0.08788757582184692,0.5731169758157397,0.6610045516375866,466,NOC,466,466
0.37777777777777777,0.37777777777777777,0.605704170099609,0.26216561727587984,-0.8686449920505995,0.6176470588235294,0.23529411764705882,-0.9968920607217383,-2.650476956046818,-0.09159487228340639,0.3105879933106041,0.45041017344430695,0.760998166754911,34,0.2755915238989681,0.12436985532639575,0.39996137922536384,34,NPF,90,90
0.4666666666666667,0.4666666666666667,0.6090715725159876,0.23822822596162968,-0.9472241988307943,0.6190476190476191,0.21428571428571427,-1.0608933453136329,-2.5259774558851733,-0.2042345788911882,0.2818623396889217,0.4681404026715268,0.7500027423604485,42,0.24234045440319874,0.11705799876003031,0.35939845316322905,42,NPF,90,90
0.5222222222222223,0.5222222222222223,0.5688414550090641,0.2541376606819139,-0.7292919817467365,0.574468085106383,0.23404255319148937,-0.7993217660862294,-1.9249951525266262,-0.10673506322890909,0.27204452310827243,0.4328191934549279,0.7048637165632003,47,0.23620982963928408,0.13603274586227185,0.37224257550155593,47,NPF,90,90
0.5666666666666667,0.5777777777777777,0.5273515700029844,0.28510590064396824,-0.5122491508633507,0.5294117647058824,0.2692307692307692,-0.5525841224063788,-1.4431145094458555,0.012063428068226517,0.2642370558040395,0.3952330421009646,0.6594700979050041,51,0.23483259538460613,0.16768960295166516,0.4025221983362713,52,NPF,90,90
0.6,0.6222222222222222,0.517288637257576,0.2994701292968779,-0.45104982761204193,0.5185185185185185,0.2857142857142857,-0.48331503698415607,-1.3042635311365898,0.042915041030729295,0.25754327055261045,0.38851700198127076,0.6460602725338812,54,0.2305647557165776,0.1841877514385891,0.4147525071551667,56,NPF,90,90
0.6777777777777778,0.6777777777777778,0.4768666524892978,0.3072221040774821,-0.32423260614794963,0.47540983606557374,0.29508196721311475,-0.34369410871872635,-1.0030408179756665,0.09862139569909506,0.24312355652169043,0.35530487422845264,0.5984284307501431,61,0.22334383298944316,0.19555018758276055,0.4188940205722037,61,NPF,90,90
0.8666666666666667,0.8777777777777778,0.40225003176535323,0.3008243669910092,-0.1696747164114927,0.3974358974358974,0.2911392405063291,-0.17640275017456453,-0.6221342205172965,0.14634356602279489,0.2122627706430587,0.29611864644382385,0.5083814170868826,78,0.19660886770562894,0.2025199331381947,0.39912880084382363,79,NPF,90,90
0.9555555555555556,0.9444444444444444,0.3775620950016647,0.29176388765364647,-0.13784000994753903,0.37209302325581395,0.2823529411764706,-0.14291713991445718,-0.5359892990309155,0.14999245220740262,0.20019917716702035,0.2774625064181545,0.47766168358517486,86,0.18815070603753944,0.19768853463487676,0.3858392406724162,85,NPF,90,90
1.0,1.0,0.3827810209023066,0.2975308542858023,-0.13811756982170328,0.37777777777777777,0.28888888888888886,-0.1428548469756736,-0.53097693613451,0.14687358577747395,0.19644267703171703,0.2845596823864481,0.4810023594181651,90,0.18421916338836167,0.20542127259162143,0.3896404359799831,90,NPF,90,90
0.07852474323062558,0.09925303454715219,0.9681351700614629,0.8594723441137428,-1.9473101544436813,0.9702734839476813,0.8607714016933208,-2.0447545296133858,-3.2706278145566907,-1.09790627498922,0.02329975293294051,0.9564852935949926,0.9797850465279331,841,0.041627833241475454,0.8386584274930051,0.8802862607344806,1063,OWN_RENT,10710,10710
0.5368814192343604,0.5370681605975723,0.922326547818725,0.7870127698650122,-1.7349755970277438,0.922608695652174,0.7872044506258693,-1.7424391322082924,-2.149631061701021,-1.3878176204644732,0.013820263397497978,0.915416416119976,0.929236679517474,5750,0.021150472171994616,0.7764375337790149,0.7975880059510095,5752,OWN_RENT,10710,10710
0.6028011204481792,0.6104575163398693,0.9114652065292703,0.7782091268118401,-1.5020341374978943,0.9117100371747212,0.778372591006424,-1.5071107612655328,-1.8368974266194484,-1.2156526952180071,0.013845955877411886,0.9045422285905644,0.9183881844679763,6456,0.02013218220312074,0.7681430357102798,0.7882752179134005,6538,OWN_RENT,10710,10710
0.6378151260504201,0.6447245564892624,0.9041790898360722,0.7758060105095044,-1.3378876276513882,0.9044063826672523,0.7759594496741492,-1.341836066268225,-1.6316680476689343,-1.0839230929878994,0.0139489291286925,0.897204625271726,0.9111535544004185,6831,0.01966578038847533,0.7659731203152668,0.7856389007037421,6905,OWN_RENT,10710,10710
0.669000933706816,0.6641456582633053,0.8977630160158521,0.7746302571595958,-1.203324324534101,0.8979762735519888,0.774778574441164,-1.206473255153606,-1.4671829725750072,-0.9732978684634963,0.0140196667801471,0.8907531826257785,0.9047728494059256,7165,0.019412380865331258,0.7649240667269301,0.7843364475922614,7113,OWN_RENT,10710,10710
0.9285714285714286,0.9285714285714286,0.8281286583480207,0.7370627785920683,-0.5298166914906414,0.828255404725993,0.7371543489190548,-0.5304124722737001,-0.6513549361839857,-0.41832751946344965,0.014824464445456376,0.8207164261252926,0.835540890570749,9945,0.01729998720532866,0.728412784989404,0.7457127721947326,9945,OWN_RENT,10710,10710
0.9683473389355742,0.9698412698412698,0.8138843145628334,0.7332342389790494,-0.43330963516129073,0.8140005785363031,0.7333204967748147,-0.4337417877807113,-0.5409925351008348,-0.333956217123733,0.014976414749281797,0.8063961071881924,0.8213725219374742,10371,0.017006572864146974,0.724730952546976,0.7417375254111229,10387,OWN_RENT,10710,10710
0.984873949579832,0.9829131652661064,0.800326726132803,0.7329823319051996,-0.3372560599380447,0.8004361016306408,0.7330673506222095,-0.3375629353840014,-0.4343517935036507,-0.24730435234208728,0.015253269627516719,0.7927000913190446,0.8079533609465613,10548,0.016898234180985017,0.7245332148147071,0.7414314489956921,10527,OWN_RENT,10710,10710
0.9957049486461251,0.9949579831932773,0.7924677885440667,0.7322736233521734,-0.2900333613404571,0.7925731432858214,0.7323573573573574,-0.29028489391408535,-0.38176133087348446,-0.20486408513057566,0.015389789835330903,0.7847728936264013,0.8001626834617322,10664,0.016809834833551474,0.7238687059353976,0.7406785407689491,10656,OWN_RENT,10710,10710
1.0,1.0,0.7901853655338873,0.7317562761726093,-0.2784662988211446,0.7902894491129785,0.7318394024276377,-0.27870443043432785,-0.3687365745446961,-0.19459434271674483,0.015418719068814202,0.7824760059994802,0.7978947250682944,10710,0.016777690491582953,0.7233674309268178,0.7401451214184007,10710,OWN_RENT,10710,10710
0.11224489795918367,0.12244897959183673,0.8705835165159843,0.31062350166381025,-3.9124851007089085,1.0,0.25,-55.194414059758316,-67.07171361251122,-0.7636654051894536,0.25883296696803193,0.7411670330319683,1.0000000000000002,11,0.443363666539511,0.08894166839405473,0.5323053349335657,12,PINCP,98,98
0.4387755102040816,0.4387755102040816,0.40393125847711764,0.2544909938859674,-0.25040480217643357,0.3953488372093023,0.23255813953488372,-0.2689079017511901,-0.903959622707262,0.1543837327042034,0.2805562217882864,0.2636531475829745,0.5442093693712609,43,0.2459084181842452,0.13153678479384479,0.37744520297809,43,PINCP,98,98
0.5306122448979592,0.5306122448979592,0.35673726709597886,0.24929021741796292,-0.16694730597916216,0.34615384615384615,0.23076923076923078,-0.17637998992435158,-0.6650093982027757,0.16886497993093866,0.25045438086263944,0.23151007666465911,0.48196445752729855,52,0.22409521632607085,0.1372426092549275,0.36133782558099836,52,PINCP,98,98
0.6020408163265306,0.5918367346938775,0.3329128540768013,0.24127389125164217,-0.13734162951952117,0.3220338983050847,0.22413793103448276,-0.14436458619028877,-0.5678523655332127,0.16561868589257026,0.23207420331589002,0.21687575241885632,0.44894995573474633,59,0.2106745702750895,0.1359366061140974,0.3466111763891869,58,PINCP,98,98
0.6428571428571429,0.6326530612244898,0.3129903173787404,0.2569920186068058,-0.08150057037598882,0.30158730158730157,0.24193548387096775,-0.08540014136724959,-0.47031883742886477,0.19949227921864118,0.22122681151371087,0.20237691162188498,0.42360372313559586,63,0.20906611310693657,0.15245896205333753,0.3615250751602741,62,PINCP,98,98
0.6836734693877551,0.6836734693877551,0.2953175973309533,0.23885348624983704,-0.08011789470383006,0.2835820895522388,0.22388059701492538,-0.08332398365558001,-0.43444202294958295,0.18184961388397078,0.21122957102770307,0.1897028118171018,0.40093238284480487,67,0.1964323499158009,0.1406373112919366,0.3370696612077375,67,PINCP,98,98
0.7346938775510204,0.7244897959183674,0.27584819352971923,0.23944922630759663,-0.050262745483390055,0.2638888888888889,0.22535211267605634,-0.05235010300675259,-0.3716431545522408,0.1931929594399386,0.19982085386409423,0.1759377665976721,0.37575862046176634,72,0.1914050593447836,0.1437466966352048,0.3351517559799884,71,PINCP,98,98
0.8979591836734694,0.8877551020408163,0.23868010909042514,0.21929116582844904,-0.025467312639341964,0.22727272727272727,0.20689655172413793,-0.026368923729807505,-0.2816387965943217,0.17845264988387274,0.1729253121328208,0.15221745302401474,0.32514276515683554,88,0.16843513957369638,0.13507359604160085,0.30350873561529723,87,PINCP,98,98
0.9081632653061225,0.9285714285714286,0.23610927368863133,0.21004241876971658,-0.03412313155309429,0.2247191011235955,0.1978021978021978,-0.034718246230188356,-0.28430880922337787,0.16560859498717825,0.17132863622948738,0.15044495557388762,0.321773591803375,89,0.16219563639943116,0.12894460057000098,0.29114023696943214,91,PINCP,98,98
1.0,1.0,0.2152436705462116,0.19560530299767448,-0.025024477747670165,0.20408163265306123,0.1836734693877551,-0.025640703488597188,-0.24776785835591308,0.1569434863463597,0.15813331832023952,0.13617701138609184,0.29431032970633136,98,0.15228933848495874,0.11946063375519513,0.27174997224015385,98,PINCP,98,98
0.0379746835443038,0.03291139240506329,0.8980583494820757,0.6484431976241927,-1.7050856693147234,1.0,0.6923076923076923,-6.655892495570553,-12.346820697866201,0.28496711830302957,0.20388330103584884,0.7961166989641514,1.0000000000000002,15,0.4494995316374045,0.42369343180549035,0.8731929634428949,13,PINCP_DECILE,395,395
0.3037974683544304,0.3012658227848101,0.9441162153914276,0.7727092328730675,-2.9527033805381993,0.9583333333333334,0.7815126050420168,-4.0336071909521465,-14.075390888353425,-0.6236985031764086,0.07591413545692594,0.9061591476629647,0.9820732831198906,120,0.14720270635548216,0.6991078796953264,0.8463105860508086,119,PINCP_DECILE,395,395
0.3721518987341772,0.3822784810126582,0.9209717971203311,0.7809325120759347,-1.7435221605618352,0.9319727891156463,0.7880794701986755,-2.076021134779056,-6.380757785696362,-0.27498937143303637,0.08332126905980741,0.8793111625904273,0.9626324316502347,147,0.1295288750559178,0.7161680745479758,0.8456969496038936,151,PINCP_DECILE,395,395
0.43544303797468353,0.4278481012658228,0.9208336332983791,0.792175270589383,-1.6104650862980894,0.9302325581395349,0.7988165680473372,-1.864240380233301,-5.538127665547972,-0.25064860124100063,0.07761839260630621,0.8820244369952259,0.9596428296015321,172,0.12026487666665553,0.7320428322560552,0.8523077089227107,169,PINCP_DECILE,395,395
0.4607594936708861,0.46329113924050636,0.9197125899407459,0.7863390188541735,-1.6486379652512717,0.9285714285714286,0.7923497267759563,-1.8909259205147069,-5.369034486299113,-0.30949716156535306,0.07614433038243318,0.8816404247495293,0.9577847551319625,182,0.11694268146041287,0.727867678123967,0.8448103595843799,183,PINCP_DECILE,395,395
0.5848101265822785,0.5873417721518988,0.9236900950098854,0.7077666931209656,-2.8218368005400927,0.9307359307359307,0.7112068965517241,-3.159928546578237,-7.094062017846303,-1.1366954618259895,0.06645799905770189,0.8904610954810345,0.9569190945387364,231,0.11588473307236835,0.6498243265847814,0.7657090596571497,232,PINCP_DECILE,395,395
0.8075949367088607,0.8025316455696202,0.8918331941073838,0.6449313943744004,-2.282134567646953,0.896551724137931,0.6466876971608833,-2.414834365606756,-4.4588488382243,-1.1359723473602645,0.06710733970825278,0.8582795242532575,0.9253868639615103,319,0.10466566420200307,0.5925985622733989,0.697264226475402,317,PINCP_DECILE,395,395
0.9189873417721519,0.9164556962025316,0.85573950779589,0.6066035547904225,-1.7268580972141878,0.859504132231405,0.6077348066298343,-1.7918681558439506,-3.0866527741540555,-0.9072486918490973,0.07151790945042114,0.8199805530706795,0.8914984625211007,363,0.10008973831795076,0.5565586856314472,0.6566484239493979,362,PINCP_DECILE,395,395
0.9721518987341772,0.9721518987341772,0.8351885081994321,0.597978179319834,-1.4391951243073537,0.8385416666666666,0.5989583333333334,-1.4837788041944713,-2.5206798966542894,-0.7522573587950284,0.07354558793104193,0.7984157142339112,0.8719613021649532,384,0.0975734565283729,0.5491914510556476,0.6467649075840205,384,PINCP_DECILE,395,395
1.0,1.0,0.8246904180495911,0.5865005360827096,-1.3586039808961903,0.8278481012658228,0.5873417721518988,-1.396977675561492,-2.3433168736454397,-0.718498910965024,0.07436709935633579,0.7875068683714233,0.861873967727759,395,0.09664612727384803,0.5381774724457856,0.6348235997196336,395,PINCP_DECILE,395,395
0.21641791044776118,0.20149253731343283,0.4847753413534439,0.15954917823294829,-0.6258292556394346,0.4827586206896552,0.1111111111111111,-0.7123013628054696,-1.7688214984022823,-0.04845777789097487,0.34182887965321807,0.3138609015268349,0.6556897811800529,29,0.24205765989969985,0.03852034828309837,0.2805780081827982,27,POVPIP,134,134
0.4701492537313433,0.4701492537313433,0.402754965036945,0.2531472189399373,-0.2502615654546422,0.3968253968253968,0.23809523809523808,-0.2629135873720856,-0.7707667626959577,0.0993195983540284,0.23487169969296107,0.2853191151904645,0.5201908148834256,63,0.20641876431406253,0.14993783678290606,0.3563566010969686,63,POVPIP,134,134
0.5895522388059702,0.5895522388059702,0.3491093689325827,0.3008243669910092,-0.07416031589246523,0.34177215189873417,0.2911392405063291,-0.07689984500034046,-0.45378837053759835,0.2022843649530958,0.20479927348469432,0.24670973219023554,0.45150900567492985,79,0.19660886770562894,0.2025199331381947,0.39912880084382363,79,POVPIP,134,134
0.664179104477612,0.6567164179104478,0.3330487241703586,0.29312175302991994,-0.059859412487098335,0.3258426966292135,0.2840909090909091,-0.06192599020438108,-0.39936219927609196,0.1945212813498185,0.19121799933484737,0.2374397245029349,0.4286577238377823,89,0.18534812115001453,0.20044769245491267,0.3857958136049272,88,POVPIP,134,134
0.7164179104477612,0.7164179104477612,0.32973005201646344,0.28966653484386656,-0.05976708676901031,0.3229166666666667,0.28125,-0.06153323834094182,-0.381473805340681,0.18431158415668847,0.18394327598819413,0.2377584140223664,0.4217016900105605,96,0.17718485292034566,0.20107410838369374,0.3782589613040394,96,POVPIP,134,134
0.7686567164179104,0.7686567164179104,0.31748658044134603,0.28940759281693773,-0.04113855692685071,0.3106796116504854,0.2815533980582524,-0.042251479208839274,-0.3393161267836683,0.18892343743178477,0.17602643445020452,0.22947336321624376,0.4054997976664483,103,0.17128520982788817,0.20376498790299366,0.37505019773088183,103,POVPIP,134,134
0.8283582089552238,0.8134328358208955,0.29537006720986236,0.27401922780420906,-0.030301045154897118,0.2882882882882883,0.26605504587155965,-0.03123931638704426,-0.29994889191693314,0.1824275882291208,0.16629350232154927,0.21222331604908773,0.378516818370637,111,0.16384128240200507,0.19209858660320656,0.35593986900521163,109,POVPIP,134,134
0.8805970149253731,0.8805970149253731,0.2784005521492148,0.2701931651917784,-0.011373682888445947,0.2711864406779661,0.2627118644067797,-0.011627705452289904,-0.25839623322215427,0.18675011152047674,0.1585363256400356,0.19913238932919697,0.3576687149692326,118,0.1570073973031179,0.1916894665402194,0.3486968638433373,118,POVPIP,134,134
0.9477611940298507,0.9552238805970149,0.2668934581217306,0.28003884165571674,0.017930847470037523,0.25984251968503935,0.2734375,0.018367460681157965,-0.21090049386340332,0.2040439875192948,0.15094755973472618,0.1914196782543675,0.3423672379890937,127,0.1527376877022731,0.2036699978045802,0.3564076855068533,128,POVPIP,134,134
1.0,1.0,0.2605945244461842,0.2968680813482775,0.049057070214718924,0.2537313432835821,0.291044776119403,0.049999330008977876,-0.16917594079378237,0.22808767125519558,0.14593266400542534,0.18762819244347154,0.3335608564488969,134,0.1521087715016981,0.22081369559742847,0.3729224670991266,134,POVPIP,134,134
0.09335038363171355,0.04731457800511509,0.9750039960221342,0.9040012398293558,-2.094229770772842,1.0,0.9459459459459459,-4.178956850766282,-11.118964033301186,0.23335367618078393,0.04999200795573111,0.9500079920442687,0.9999999999999998,73,0.1620955666749735,0.822953456491869,0.9850490231668425,37,PUMA,782,782
0.25831202046035806,0.23145780051150894,0.9906688894387395,0.7732071058202784,-17.413428691323062,1.0,0.7790055248618785,-69.38825582619626,-89.99934873902284,-6.805043647605136,0.01866222112252136,0.9813377788774789,1.0000000000000002,202,0.12019057894765339,0.7131118163464517,0.8333023952941051,181,PUMA,782,782
0.25831202046035806,0.2749360613810742,0.9906688894387395,0.6987740359364052,-23.280736249731277,1.0,0.7023255813953488,-93.0963011885361,-113.21380297849569,-10.137076991928089,0.01866222112252136,0.9813377788774789,1.0000000000000002,202,0.12136636843866344,0.6380908517170735,0.7594572201557369,215,PUMA,782,782
0.3209718670076726,0.309462915601023,0.992463041848703,0.6342328513599845,-38.00567630834374,1.0,0.6363636363636364,-192.273045818016,-225.19763036316925,-17.131736953472736,0.015073916302594359,0.9849260836974059,1.0000000000000002,251,0.12033981596606091,0.5740629433769541,0.694402759343015,242,PUMA,782,782
0.37595907928388744,0.35038363171355497,0.993551168403646,0.579181847422554,-54.12647105272834,1.0,0.5802919708029197,-347.0791755293861,-395.96101401279486,-24.813812764634847,0.012897663192707909,0.9871023368072921,1.0,294,0.11607960897772718,0.5211420429336904,0.6372216519114176,274,PUMA,782,782
0.7544757033248082,0.7506393861892583,0.9967655855248616,0.7462589546278873,-76.53682359152991,1.0,0.747870528109029,-6528.170092370561,-7477.429613351409,-32.612265229118776,0.006468828950277339,0.9935311710497229,1.0000000000000002,590,0.07010147540157097,0.7112082169271018,0.7813096923286728,587,PUMA,782,782
0.8427109974424553,0.8427109974424553,0.995593622922224,0.7406306936258591,-57.64751077010869,0.9984825493171472,0.7420333839150227,-167.1914560279003,-1028.5085129205083,-25.40374631378919,0.008276919061550148,0.9914551633914489,0.999732082452999,659,0.06667323326432462,0.7072940769936968,0.7739673102580215,659,PUMA,782,782
0.8900255754475703,0.8887468030690537,0.9958265841876976,0.7239420658644039,-64.9596182843596,0.9985632183908046,0.7251798561151079,-188.69571843546098,-1162.7026264043798,-28.97446832072202,0.00783948707644988,0.9919068406494728,0.9997463277259226,696,0.06624290737981742,0.6908206121744952,0.7570635195543126,695,PUMA,782,782
0.9322250639386189,0.9296675191815856,0.9837335493688768,0.6977173000464001,-17.57192150148824,0.9862825788751715,0.6987620357634112,-20.944306438064103,-43.87308900934074,-9.728153111448956,0.017597286600288586,0.9749349060687326,0.9925321926690212,729,0.0665579770310567,0.6644383115308717,0.7309962885619284,727,PUMA,782,782
1.0,1.0,0.9352022868750608,0.7010583664510515,-3.6129020626389945,0.9373401534526854,0.7020460358056266,-3.7545028528100146,-5.933801959797408,-2.2601201014731718,0.03415729063459838,0.9181236415577616,0.95228093219236,782,0.0639845407099392,0.6690660960960819,0.7330506368060211,782,PUMA,782,782
0.09090909090909091,0.10227272727272728,0.9031961597327819,0.7289224378759285,-1.5023596381357491,1.0,0.7777777777777778,-12.254605029675579,-25.078925627555755,0.5004729481392952,0.19360768053443667,0.8063923194655636,1.0000000000000002,16,0.36213656207610934,0.5478541568378738,0.9099907189139831,18,PWGTP__discretized,176,176
0.3693181818181818,0.3806818181818182,0.913994713189209,0.6623343193582094,-2.8824560080692376,0.9384615384615385,0.6716417910447762,-4.246506077880521,-16.617187404538658,-0.5365936286405786,0.12363246368888159,0.8521784813447681,0.9758109450336497,65,0.21950501376178932,0.5525818124773147,0.7720868262391041,67,PWGTP__discretized,176,176
0.44886363636363635,0.4431818181818182,0.8561018893191048,0.6221874602933084,-1.6181787452994665,0.8734177215189873,0.6282051282051282,-1.9271633524162008,-5.817601346614776,-0.2538365624366593,0.14733095196827994,0.7824364133349648,0.9297673653032448,79,0.20975384496132388,0.5173105378126465,0.7270643827739703,78,PWGTP__discretized,176,176
0.48863636363636365,0.5,0.8450522777225813,0.5979949590910906,-1.589360146660502,0.8604651162790697,0.6022727272727273,-1.8438428016820263,-5.119536377627736,-0.32157515935237624,0.1465785014434079,0.7717630270008773,0.9183415284442852,86,0.20037531732488806,0.49780730042864657,0.6981826177535346,88,PWGTP__discretized,176,176
0.5738636363636364,0.5738636363636364,0.8195300826297507,0.5524601628198099,-1.4779806420215693,0.8316831683168316,0.5544554455445545,-1.644818236841557,-4.024471431575026,-0.3918326306520082,0.14528434363226606,0.7468879108136177,0.8921722544458838,101,0.19032066354815363,0.4572998310457331,0.6476204945938867,101,PWGTP__discretized,176,176
0.6420454545454546,0.6420454545454546,0.8123891157163075,0.5470723325051969,-1.4132723320147476,0.8230088495575221,0.5486725663716814,-1.5489379394762857,-3.6151832783883964,-0.4076064302888686,0.1400270513534928,0.7423755900395611,0.8824026413930539,113,0.18048885063447834,0.4568279071879578,0.6373167578224361,113,PWGTP__discretized,176,176
0.8125,0.8181818181818182,0.7689975999777614,0.5541120201587202,-0.9301418631273374,0.7762237762237763,0.5555555555555556,-0.9860137925097476,-2.2226157080405815,-0.22414003420571726,0.1355923712953806,0.7012014143300711,0.8367937856254517,143,0.1602223039313292,0.47400086819305565,0.6342231721243848,144,PWGTP__discretized,176,176
0.8863636363636364,0.8863636363636364,0.7502479662980988,0.5625619915745247,-0.7514524275018412,0.7564102564102564,0.5641025641025641,-0.7894339950633246,-1.8115909561912469,-0.13887933266728142,0.13365825512922702,0.6834188387334852,0.8170770938627122,156,0.15377713189983205,0.48567342562460863,0.6394505575244407,156,PWGTP__discretized,176,176
0.9431818181818182,0.9488636363636364,0.723738068807555,0.5321935907007941,-0.693317854723905,0.7289156626506024,0.5329341317365269,-0.7229266009028579,-1.5936068938645833,-0.1446884160416901,0.1341052219560831,0.6566854578295135,0.7907906797855966,166,0.1496334054325305,0.45737688798452886,0.6070102934170594,167,PWGTP__discretized,176,176
1.0,1.0,0.7001763121588822,0.5278022655776226,-0.5748988641749982,0.7045454545454546,0.5284090909090909,-0.5961336693219614,-1.3396805785881996,-0.08888317671675382,0.1336482563549678,0.6333521839813983,0.767000440336366,176,0.1459204138960306,0.45484205862960725,0.6007624725256379,176,PWGTP__discretized,176,176
0.051759834368530024,0.06625258799171843,0.9334038745304756,0.7232052004362324,-2.0250021382244623,1.0,0.75,-7.098471323734806,-12.112904146225377,0.04488334681644112,0.1331922509390484,0.8668077490609514,0.9999999999999998,25,0.28854158075735425,0.5789344100575552,0.8674759908149094,32,RAC1P,483,483
0.4140786749482402,0.422360248447205,0.882650322712866,0.7309452612214864,-1.2826936320778952,0.89,0.7352941176470589,-1.3947702121104562,-3.420540815672853,-0.2963031912101965,0.08715446537176197,0.839073090026985,0.926227555398747,200,0.1202715622074011,0.6708094801177859,0.791081042325187,204,RAC1P,483,483
0.4989648033126294,0.505175983436853,0.8777954944621571,0.7299857347161509,-1.205051756135914,0.8838174273858921,0.7336065573770492,-1.2878637514023248,-2.9678966320629963,-0.31886323310480863,0.08117475028804455,0.8372081193181348,0.9183828696061793,241,0.11031188366197608,0.6748297928851629,0.785141676547139,244,RAC1P,483,483
0.5341614906832298,0.5486542443064182,0.8742722807968666,0.7287593597720279,-1.154151400891025,0.8798449612403101,0.7320754716981132,-1.226263832848723,-2.762044265972195,-0.31758217844809566,0.07954957542173713,0.834497493085998,0.9140470685077351,258,0.10608756290494137,0.6757155783195572,0.7818031412244986,265,RAC1P,483,483
0.5652173913043478,0.5817805383022774,0.8702480128396797,0.7404846551608217,-0.9979861259667266,0.8754578754578755,0.7437722419928826,-1.0550543192048918,-2.4217274393018724,-0.23451061910800644,0.07848731880358617,0.8310043534378866,0.9094916722414728,273,0.10160634017729808,0.6896814850721726,0.7912878252494707,281,RAC1P,483,483
0.722567287784679,0.7204968944099379,0.8613520940145318,0.7330595157115607,-0.9249585669922229,0.8653295128939829,0.735632183908046,-0.9626926466717617,-2.044362434199077,-0.2652729597270561,0.07168134179462948,0.825511423117217,0.8971927649118465,349,0.09230283645710335,0.686908097483009,0.7792109339401123,348,RAC1P,483,483
0.7846790890269151,0.7908902691511387,0.8434842203482165,0.7358481648865238,-0.6875687905653908,0.8469656992084432,0.7382198952879581,-0.7104581296603456,-1.5608748644140922,-0.14252876940095832,0.07246198965273598,0.8072532255218485,0.8797152151745845,379,0.08785546107442255,0.6919204343493126,0.7797758954237352,382,RAC1P,483,483
0.9006211180124224,0.8964803312629399,0.8247186361629154,0.7254822613813088,-0.5661185389417056,0.8275862068965517,0.7274826789838337,-0.5805627014613478,-1.2621720321548004,-0.10428048233991734,0.07091560015578513,0.7892608360850228,0.860176436240808,435,0.08360310513942315,0.6836807088115971,0.7672838139510203,433,RAC1P,483,483
0.9192546583850931,0.9233954451345756,0.8215423609488877,0.7267465525907806,-0.5311625060570722,0.8243243243243243,0.7286995515695067,-0.5442917994459396,-1.1968366691988286,-0.08561765535154461,0.07070816162474858,0.7861882801365133,0.8568964417612619,444,0.08226931765346102,0.6856118937640501,0.7678812114175111,446,RAC1P,483,483
1.0,1.0,0.7947571481434814,0.7290273311358759,-0.32023826423397866,0.7971014492753623,0.7308488612836439,-0.3265145197435675,-0.8319086107972329,0.03945027973556993,0.07160011506528152,0.7589570906108407,0.8305572056761222,483,0.07887872836288023,0.6895879669544358,0.768466695317316,483,RAC1P,483,483
0.07723577235772358,0.08536585365853659,0.7845702654556839,0.39936178796724375,-1.6183959812645126,0.8421052631578947,0.38095238095238093,-2.5585300846673875,-9.545819535128604,-0.07964083816352062,0.3204500363179493,0.6243452472967093,0.9447952836146586,19,0.3837033485631976,0.20751011368564493,0.5912134622488425,21,SEX,246,246
0.3780487804878049,0.3861788617886179,0.7220123515467494,0.4949413939659972,-0.8132239654686598,0.7311827956989247,0.49473684210526314,-0.8755655337037436,-2.1763428225465025,-0.10785615231876443,0.1775491344048875,0.6332377843443057,0.8107869187491932,93,0.19713121150737412,0.3963757882123101,0.5935069997196842,95,SEX,246,246
0.491869918699187,0.4796747967479675,0.6962489082668328,0.4917926130425635,-0.6721518429577602,0.7024793388429752,0.4915254237288136,-0.7080103311927523,-1.6698422076647392,-0.0917204277915345,0.1608721142804973,0.6158128511265842,0.7766849654070815,121,0.17753750960892462,0.4030238582381012,0.5805613678470258,118,SEX,246,246
0.5447154471544715,0.5365853658536586,0.6813677845104666,0.4926384771727167,-0.5917929269491391,0.6865671641791045,0.49242424242424243,-0.61885622837434,-1.4521600917274367,-0.06822428003446117,0.1552310379356553,0.6037522655426389,0.7589833034782942,134,0.16814481384402935,0.408566070250702,0.5767108840947314,132,SEX,246,246
0.5772357723577236,0.5853658536585366,0.6714190203674282,0.51352800503968,-0.48017416952023817,0.676056338028169,0.5138888888888888,-0.5002353318177742,-1.24467746061218,-0.003018612583780597,0.15218497465538794,0.5953265330397342,0.7475115076951221,142,0.1611338232306097,0.4329610934243751,0.5940949166549848,144,SEX,246,246
0.7317073170731707,0.7235772357723578,0.6631840836797311,0.5274964798040378,-0.40280207251578415,0.6666666666666666,0.5280898876404494,-0.4156760875991412,-1.0292166695369809,0.012594420633301085,0.13646350965502185,0.5949523288522202,0.731415838507242,180,0.14512082024952178,0.4549360696792769,0.6000568899287987,178,SEX,246,246
0.7642276422764228,0.7926829268292683,0.6563791277673701,0.5377184921317799,-0.34527542355280316,0.6595744680851063,0.5384615384615384,-0.35571881064570615,-0.9224459832904442,0.043255965048606244,0.134258685121611,0.5892497852065646,0.7235084703281756,188,0.13858967575238385,0.468423654255588,0.6070133300079719,195,SEX,246,246
0.8902439024390244,0.8902439024390244,0.63686860677277,0.5381437100842146,-0.2718620122800818,0.639269406392694,0.5388127853881278,-0.27847174037881905,-0.7574572503442091,0.06996943261053978,0.12619093478531973,0.5737731393801101,0.6999640741654298,219,0.13090624263496137,0.4726905887667339,0.6035968314016953,219,SEX,246,246
0.9308943089430894,0.9512195121951219,0.6266956501192396,0.546249295873571,-0.21549153872422222,0.62882096069869,0.5470085470085471,-0.22040559370301133,-0.661273430944138,0.10314922904322071,0.12418173468096427,0.5646047827787575,0.6887865174597217,229,0.1265341179457976,0.4829822369006721,0.6095163548464697,234,SEX,246,246
1.0,1.0,0.6080685332508298,0.5480304592225911,-0.1531812250594579,0.6097560975609756,0.5487804878048781,-0.1562459961963473,-0.5499081068351082,0.1374298564022519,0.12102105410972364,0.547558006195968,0.6685790603056916,246,0.12341591902155513,0.4863224997118135,0.6097384187333686,246,SEX,246,246
0.15476190476190477,0.14285714285714285,0.8265750347732237,0.43687450055460353,-2.146050330029925,0.9230769230769231,0.4166666666666667,-5.9411322990735735,-35.886523728236135,0.037659663146118225,0.3194290879684393,0.6668604907890041,0.9862895787574434,13,0.4872283737916937,0.19326031365875665,0.6804886874504503,12,WGTP__discretized,84,84
0.30952380952380953,0.3333333333333333,0.9021251129880544,0.4371888074832746,-4.649921623488217,0.9615384615384616,0.42857142857142855,-13.142790031982674,-81.79262830574243,-1.0552317748842492,0.1821058040368042,0.8110722109696523,0.9931780150064565,26,0.34420667248407527,0.265085471241237,0.6092921437253123,28,WGTP__discretized,84,84
0.40476190476190477,0.40476190476190477,0.8435385528237291,0.4207218724252932,-2.6859261753514465,0.8823529411764706,0.4117647058823529,-3.967695242439612,-14.46595263870663,-0.5839340851409435,0.21949396105489505,0.7337915722962816,0.9532855333511766,34,0.31412437757316336,0.2636596836387115,0.5777840612118749,34,WGTP__discretized,84,84
0.4523809523809524,0.4523809523809524,0.8584961046477958,0.42830077907044084,-3.0262812851268364,0.8947368421052632,0.42105263157894735,-4.472415791073958,-16.05061534357853,-0.7464968821340845,0.1996026437533378,0.7586947827711269,0.9582974265244647,38,0.2995515349857074,0.27852501157758713,0.5780765465632945,38,WGTP__discretized,84,84
0.4880952380952381,0.5,0.8679630510233384,0.41274274198720984,-3.4349778424119477,0.9024390243902439,0.40476190476190477,-5.075896959748982,-17.680898786313012,-0.9711517306667157,0.1868797281571446,0.7745231869447661,0.9614029151019107,41,0.28462826102479316,0.2704286114748133,0.5550568724996064,42,WGTP__discretized,84,84
0.6428571428571429,0.6428571428571429,0.8976386569242479,0.4654227254848481,-4.217491685995197,0.9259259259259259,0.46296296296296297,-6.239857096102952,-21.63404748378086,-1.3122529138961057,0.14635963062049484,0.8244588416140005,0.9708184722344954,54,0.2570474286100742,0.33689901117981097,0.5939464397898851,54,WGTP__discretized,84,84
0.7976190476190477,0.7976190476190477,0.8740747359123955,0.4929419861148604,-3.026062403153133,0.8955223880597015,0.4925373134328358,-3.8562275454058317,-11.092181783737036,-0.9500208060149627,0.14877513279955157,0.7996871695126198,0.9484623023121713,67,0.23284053480798206,0.37652171871086937,0.6093622535188514,67,WGTP__discretized,84,84
0.8571428571428571,0.8571428571428571,0.8560058102763284,0.5,-2.472110158447244,0.875,0.5,-2.9996475221463768,-8.116247900924945,-0.7547162487540252,0.15363269503587318,0.7791894627583917,0.9328221577942649,72,0.22505815381020478,0.3874709230948976,0.6125290769051024,72,WGTP__discretized,84,84
0.9166666666666666,0.9166666666666666,0.8278021003898116,0.4814451641288785,-2.011262208327888,0.8441558441558441,0.4805194805194805,-2.3331709985490927,-5.859991752864439,-0.6195068679956648,0.16147835477074035,0.7470629230044414,0.9085412777751818,77,0.21782957019805682,0.3725303790298501,0.5903599492279069,77,WGTP__discretized,84,84
1.0,1.0,0.7846036522575417,0.48861585390969825,-1.3740904177147506,0.7976190476190477,0.4880952380952381,-1.5293361975055353,-3.7239214979058843,-0.3542734236161366,0.17004355969226836,0.6995818724114076,0.8696254321036759,84,0.20906463438062628,0.3840835367193851,0.5931481711000114,84,WGTP__discretized,84,84
