base_recall,attack_recall,base_prec,attack_prec,alc,base_prec_as_sampled,attack_prec_as_sampled,alc_as_sampled,alc_low,alc_high,base_si,base_si_low,base_si_high,base_n,attack_si,attack_si_low,attack_si_high,attack_n,secret_column,known_columns,num_known_columns,base_count,attack_count
1.0,1.0,0.8140683669665869,0.9916794434580358,0.9551980026954627,0.8193832599118943,1.0,0.9999446372115491,0.8775935418885159,0.9999576005179655,0.09982060955628558,0.7641580621884441,0.8639786717447296,227,0.01664111308392824,0.9833588869160718,1.0,227,WGTP__discretized,"[""AGEP"", ""DEAR"", ""DENSITY"", ""DEYE"", ""DPHY"", ""DREM"", ""DVET"", ""EDU"", ""HISP"", ""HOUSING_TYPE"", ""INDP"", ""INDP_CAT"", ""MSP"", ""NOC"", ""NPF"", ""OWN_RENT"", ""PINCP"", ""PINCP_DECILE"", ""POVPIP"", ""PUMA"", ""PWGTP"", ""RAC1P"", ""SEX""]",23,227,227
1.0,1.0,0.6480526227987171,0.9864586177672137,0.961497092799858,0.6521739130434783,1.0,0.9999712508265386,0.9009290768929342,0.9999767683026155,0.15697800210655732,0.5695636217454385,0.7265416238519958,138,0.027082764465573228,0.972917235534427,1.0000000000000002,138,SEX,"[""AGEP"", ""DEAR"", ""DENSITY"", ""DEYE"", ""DPHY"", ""DREM"", ""DVET"", ""EDU"", ""HISP"", ""HOUSING_TYPE"", ""INDP"", ""INDP_CAT"", ""MSP"", ""NOC"", ""NPF"", ""OWN_RENT"", ""PINCP"", ""PINCP_DECILE"", ""POVPIP"", ""PUMA"", ""PWGTP"", ""RAC1P"", ""WGTP""]",23,138,138
1.0,1.0,0.8644772408601655,0.994331480518848,0.9581022365574857,0.8686567164179104,1.0,0.9999238694326676,0.8857595252396451,0.9999417723143618,0.07241370094247723,0.8282703903889269,0.9006840913314041,335,0.01133703896230398,0.988662961037696,1.0,335,RAC1P,"[""AGEP"", ""DEAR"", ""DENSITY"", ""DEYE"", ""DPHY"", ""DREM"", ""DVET"", ""EDU"", ""HISP"", ""HOUSING_TYPE"", ""INDP"", ""INDP_CAT"", ""MSP"", ""NOC"", ""NPF"", ""OWN_RENT"", ""PINCP"", ""PINCP_DECILE"", ""POVPIP"", ""PUMA"", ""PWGTP"", ""SEX"", ""WGTP""]",23,335,335
0.9861751152073732,0.9907834101382489,0.7754296648802107,0.9912231922566336,0.9608745412146744,0.780373831775701,1.0,0.9999544655327094,0.8963080889058643,0.9999642537400183,0.11039526410147782,0.7202320328294718,0.8306272969309496,214,0.017553615486732843,0.9824463845132672,1.0,215,PWGTP__discretized,"[""AGEP"", ""DEAR"", ""DENSITY"", ""DEYE"", ""DPHY"", ""DREM"", ""DVET"", ""EDU"", ""HISP"", ""HOUSING_TYPE"", ""INDP"", ""INDP_CAT"", ""MSP"", ""NOC"", ""NPF"", ""OWN_RENT"", ""PINCP"", ""PINCP_DECILE"", ""POVPIP"", ""PUMA"", ""RAC1P"", ""SEX"", ""WGTP""]",23,217,217
1.0,1.0,0.769424048897944,0.9913026774021334,0.9622382779338848,0.7741935483870968,1.0,0.9999557162468516,0.900678691389074,0.9999650271560903,0.1107003782351107,0.7140738597803887,0.8247742380154994,217,0.017394645195733305,0.9826053548042667,1.0,217,PWGTP__discretized,"[""AGEP"", ""DEAR"", ""DENSITY"", ""DEYE"", ""DPHY"", ""DREM"", ""DVET"", ""EDU"", ""HISP"", ""HOUSING_TYPE"", ""INDP"", ""INDP_CAT"", ""MSP"", ""NOC"", ""NPF"", ""OWN_RENT"", ""PINCP"", ""PINCP_DECILE"", ""POVPIP"", ""PUMA"", ""RAC1P"", ""SEX"", ""WGTP""]",23,217,217
1.0,1.0,0.950549503837798,0.950549503837798,0.0,1.0,1.0,0.0,-9890.099232375616,0.999898899002375,0.09890099232440408,0.9010990076755959,1.0,35,0.09890099232440408,0.9010990076755959,1.0,35,PUMA,"[""AGEP"", ""DEAR"", ""DENSITY"", ""DEYE"", ""DPHY"", ""DREM"", ""DVET"", ""EDU"", ""HISP"", ""HOUSING_TYPE"", ""INDP"", ""INDP_CAT"", ""MSP"", ""NOC"", ""NPF"", ""OWN_RENT"", ""PINCP"", ""PINCP_DECILE"", ""POVPIP"", ""PWGTP"", ""RAC1P"", ""SEX"", ""WGTP""]",23,35,35
1.0,1.0,0.5625885970534639,0.9828263201267213,0.9607159600387021,0.5648148148148148,1.0,0.9999770218046052,0.900560763720195,0.999981108254318,0.18382060918428916,0.47067829246131926,0.6544989016456084,108,0.034347359746557005,0.9656526402534428,0.9999999999999998,108,POVPIP,"[""AGEP"", ""DEAR"", ""DENSITY"", ""DEYE"", ""DPHY"", ""DREM"", ""DVET"", ""EDU"", ""HISP"", ""HOUSING_TYPE"", ""INDP"", ""INDP_CAT"", ""MSP"", ""NOC"", ""NPF"", ""OWN_RENT"", ""PINCP"", ""PINCP_DECILE"", ""PUMA"", ""PWGTP"", ""RAC1P"", ""SEX"", ""WGTP""]",23,108,108
1.0,1.0,0.8769120745975392,0.988132031036157,0.9035079679449608,0.8860759493670886,1.0,0.9999122299264837,0.6760366904313703,0.9999421623034045,0.09959938616635122,0.8271123815143635,0.9267117676807147,158,0.023735937927685913,0.9762640620723141,1.0,158,PINCP_DECILE,"[""AGEP"", ""DEAR"", ""DENSITY"", ""DEYE"", ""DPHY"", ""DREM"", ""DVET"", ""EDU"", ""HISP"", ""HOUSING_TYPE"", ""INDP"", ""INDP_CAT"", ""MSP"", ""NOC"", ""NPF"", ""OWN_RENT"", ""PINCP"", ""POVPIP"", ""PUMA"", ""PWGTP"", ""RAC1P"", ""SEX"", ""WGTP""]",23,158,158
1.0,1.0,0.35585132189833396,0.9736313709054741,0.959049485800201,0.34782608695652173,1.0,0.9999846669017741,0.90131269241204,0.9999867343846387,0.21933980522418087,0.2461814192862435,0.4655212245104244,69,0.05273725818905173,0.9472627418109483,1.0,69,PINCP,"[""AGEP"", ""DEAR"", ""DENSITY"", ""DEYE"", ""DPHY"", ""DREM"", ""DVET"", ""EDU"", ""HISP"", ""HOUSING_TYPE"", ""INDP"", ""INDP_CAT"", ""MSP"", ""NOC"", ""NPF"", ""OWN_RENT"", ""PINCP_DECILE"", ""POVPIP"", ""PUMA"", ""PWGTP"", ""RAC1P"", ""SEX"", ""WGTP""]",23,69,69
1.0,1.0,0.8451098548208018,0.9939186913031659,0.960675900659826,0.8493589743589743,1.0,0.9999336214276835,0.8943564095145153,0.999948606426044,0.07935342012748037,0.8054331447570616,0.884786564884542,312,0.012162617393668196,0.9878373826063318,1.0,312,OWN_RENT,"[""AGEP"", ""DEAR"", ""DENSITY"", ""DEYE"", ""DPHY"", ""DREM"", ""DVET"", ""EDU"", ""HISP"", ""HOUSING_TYPE"", ""INDP"", ""INDP_CAT"", ""MSP"", ""NOC"", ""NPF"", ""PINCP"", ""PINCP_DECILE"", ""POVPIP"", ""PUMA"", ""PWGTP"", ""RAC1P"", ""SEX"", ""WGTP""]",23,312,312
1.0,1.0,0.7036761107604442,0.9888226658250661,0.9622475370480148,0.7083333333333334,1.0,0.999965715461184,0.9020020151581851,0.9999725615583233,0.13623658989970644,0.635557815810591,0.7717944057102974,168,0.022354668349868212,0.977645331650132,1.0000000000000002,168,NPF,"[""AGEP"", ""DEAR"", ""DENSITY"", ""DEYE"", ""DPHY"", ""DREM"", ""DVET"", ""EDU"", ""HISP"", ""HOUSING_TYPE"", ""INDP"", ""INDP_CAT"", ""MSP"", ""NOC"", ""OWN_RENT"", ""PINCP"", ""PINCP_DECILE"", ""POVPIP"", ""PUMA"", ""PWGTP"", ""RAC1P"", ""SEX"", ""WGTP""]",23,168,168
1.0,1.0,0.8559167243701408,0.9897200042085397,0.9285879528626103,0.8633879781420765,1.0,0.9999268053578473,0.7818320159180675,0.9999484274085483,0.09961633854513607,0.8061085550975727,0.9057248936427088,183,0.02055999158292099,0.9794400084170792,1.0000000000000002,183,NOC,"[""AGEP"", ""DEAR"", ""DENSITY"", ""DEYE"", ""DPHY"", ""DREM"", ""DVET"", ""EDU"", ""HISP"", ""HOUSING_TYPE"", ""INDP"", ""INDP_CAT"", ""MSP"", ""NPF"", ""OWN_RENT"", ""PINCP"", ""PINCP_DECILE"", ""POVPIP"", ""PUMA"", ""PWGTP"", ""RAC1P"", ""SEX"", ""WGTP""]",23,183,183
1.0,1.0,0.8026666054344119,0.9920906033933635,0.9598699686702487,0.8075313807531381,1.0,0.9999480461776005,0.8927012615487461,0.999959541362935,0.09964523614098741,0.7528439873639182,0.8524892235049056,239,0.015818793213272953,0.984181206786727,1.0,239,MSP,"[""AGEP"", ""DEAR"", ""DENSITY"", ""DEYE"", ""DPHY"", ""DREM"", ""DVET"", ""EDU"", ""HISP"", ""HOUSING_TYPE"", ""INDP"", ""INDP_CAT"", ""NOC"", ""NPF"", ""OWN_RENT"", ""PINCP"", ""PINCP_DECILE"", ""POVPIP"", ""PUMA"", ""PWGTP"", ""RAC1P"", ""SEX"", ""WGTP""]",23,239,239
1.0,1.0,0.8701697464387204,0.9886240652991111,0.9123081295007233,0.8787878787878788,1.0,0.999917506805688,0.7149860650090203,0.9999443882776992,0.0999558999555551,0.8201917964609429,0.920147696416498,165,0.022751869401778313,0.9772481305982219,1.0000000000000002,165,INDP_CAT,"[""AGEP"", ""DEAR"", ""DENSITY"", ""DEYE"", ""DPHY"", ""DREM"", ""DVET"", ""EDU"", ""HISP"", ""HOUSING_TYPE"", ""INDP"", ""MSP"", ""NOC"", ""NPF"", ""OWN_RENT"", ""PINCP"", ""PINCP_DECILE"", ""POVPIP"", ""PUMA"", ""PWGTP"", ""RAC1P"", ""SEX"", ""WGTP""]",23,165,165
1.0,1.0,0.5902812565318014,0.9842358304887528,0.9615009448013707,0.5932203389830508,1.0,0.9999754172709919,0.902192993446109,0.9999798793843139,0.17454788109712716,0.5030073159832378,0.6775551970803649,118,0.0315283390224943,0.9684716609775057,1.0,118,INDP,"[""AGEP"", ""DEAR"", ""DENSITY"", ""DEYE"", ""DPHY"", ""DREM"", ""DVET"", ""EDU"", ""HISP"", ""HOUSING_TYPE"", ""INDP_CAT"", ""MSP"", ""NOC"", ""NPF"", ""OWN_RENT"", ""PINCP"", ""PINCP_DECILE"", ""POVPIP"", ""PUMA"", ""PWGTP"", ""RAC1P"", ""SEX"", ""WGTP""]",23,118,118
1.0,1.0,0.9980195428924203,0.9980195428924203,0.0,1.0,1.0,0.0,-396.0914215221873,0.9974816882314741,0.003960914215159872,0.9960390857848404,1.0000000000000002,966,0.003960914215159872,0.9960390857848404,1.0000000000000002,966,HOUSING_TYPE,"[""AGEP"", ""DEAR"", ""DENSITY"", ""DEYE"", ""DPHY"", ""DREM"", ""DVET"", ""EDU"", ""HISP"", ""INDP"", ""INDP_CAT"", ""MSP"", ""NOC"", ""NPF"", ""OWN_RENT"", ""PINCP"", ""PINCP_DECILE"", ""POVPIP"", ""PUMA"", ""PWGTP"", ""RAC1P"", ""SEX"", ""WGTP""]",23,966,966
1.0,1.0,0.8635454560801592,0.994749831206833,0.9614539524914482,0.8674033149171271,1.0,0.9999245890205776,0.8964490296213032,0.9999416671246844,0.06993074706322167,0.8285800825485483,0.89851082961177,362,0.010500337586333841,0.9894996624136662,1.0,362,HISP,"[""AGEP"", ""DEAR"", ""DENSITY"", ""DEYE"", ""DPHY"", ""DREM"", ""DVET"", ""EDU"", ""HOUSING_TYPE"", ""INDP"", ""INDP_CAT"", ""MSP"", ""NOC"", ""NPF"", ""OWN_RENT"", ""PINCP"", ""PINCP_DECILE"", ""POVPIP"", ""PUMA"", ""PWGTP"", ""RAC1P"", ""SEX"", ""WGTP""]",23,362,362
1.0,1.0,0.4481814324504685,0.9778823451790133,0.959901215482106,0.4457831325301205,1.0,0.9999819568473003,0.901074781152136,0.9999847653166517,0.20913680636432103,0.343613029268308,0.552749835632629,83,0.044235309641973974,0.9557646903580262,1.0000000000000002,83,EDU,"[""AGEP"", ""DEAR"", ""DENSITY"", ""DEYE"", ""DPHY"", ""DREM"", ""DVET"", ""HISP"", ""HOUSING_TYPE"", ""INDP"", ""INDP_CAT"", ""MSP"", ""NOC"", ""NPF"", ""OWN_RENT"", ""PINCP"", ""PINCP_DECILE"", ""POVPIP"", ""PUMA"", ""PWGTP"", ""RAC1P"", ""SEX"", ""WGTP""]",23,83,83
0.9989610389610389,0.9989610389610389,0.9818766981318121,0.9990031720557213,0.9444763037115217,0.982839313572543,1.0,0.9994176120169034,0.836505723192832,0.999583531073082,0.011756193599841147,0.9759986013318915,0.9877547949317327,1923,0.0019936558885572664,0.9980063441114427,1.0,1923,DVET,"[""AGEP"", ""DEAR"", ""DENSITY"", ""DEYE"", ""DPHY"", ""DREM"", ""EDU"", ""HISP"", ""HOUSING_TYPE"", ""INDP"", ""INDP_CAT"", ""MSP"", ""NOC"", ""NPF"", ""OWN_RENT"", ""PINCP"", ""PINCP_DECILE"", ""POVPIP"", ""PUMA"", ""PWGTP"", ""RAC1P"", ""SEX"", ""WGTP""]",23,1925,1925
1.0,1.0,0.9808585981800078,0.9990042056584987,0.9474819467026466,0.9818181818181818,1.0,0.9994503023337129,0.8473480073749046,0.9996030281083722,0.012078597213558084,0.9748192995732287,0.9868978967867867,1925,0.001991588683003087,0.9980084113169971,1.0000000000000002,1925,DVET,"[""AGEP"", ""DEAR"", ""DENSITY"", ""DEYE"", ""DPHY"", ""DREM"", ""EDU"", ""HISP"", ""HOUSING_TYPE"", ""INDP"", ""INDP_CAT"", ""MSP"", ""NOC"", ""NPF"", ""OWN_RENT"", ""PINCP"", ""PINCP_DECILE"", ""POVPIP"", ""PUMA"", ""PWGTP"", ""RAC1P"", ""SEX"", ""WGTP""]",23,1925,1925
1.0,1.0,0.9450797422807329,0.9982096801027263,0.9672253513450688,0.9466791393826005,1.0,0.9998124913064538,0.9132515476183573,0.9998539487508802,0.027077717683226088,0.9315408834391198,0.9586186011223459,1069,0.003580639794547924,0.9964193602054523,1.0000000000000002,1069,DREM,"[""AGEP"", ""DEAR"", ""DENSITY"", ""DEYE"", ""DPHY"", ""DVET"", ""EDU"", ""HISP"", ""HOUSING_TYPE"", ""INDP"", ""INDP_CAT"", ""MSP"", ""NOC"", ""NPF"", ""OWN_RENT"", ""PINCP"", ""PINCP_DECILE"", ""POVPIP"", ""PUMA"", ""PWGTP"", ""RAC1P"", ""SEX"", ""WGTP""]",23,1069,1069
1.0,1.0,0.9422131395708468,0.9982359879899987,0.9693060834649324,0.943778801843318,1.0,0.9998221627792422,0.9196369897244955,0.9998602731226448,0.027542663341335483,0.928441807900179,0.9559844712415145,1085,0.003528024020002629,0.9964719759799974,1.0,1085,DPHY,"[""AGEP"", ""DEAR"", ""DENSITY"", ""DEYE"", ""DREM"", ""DVET"", ""EDU"", ""HISP"", ""HOUSING_TYPE"", ""INDP"", ""INDP_CAT"", ""MSP"", ""NOC"", ""NPF"", ""OWN_RENT"", ""PINCP"", ""PINCP_DECILE"", ""POVPIP"", ""PUMA"", ""PWGTP"", ""RAC1P"", ""SEX"", ""WGTP""]",23,1085,1085
0.9993943064809206,0.9987886129618413,0.972838551621279,0.9988379227783181,0.9568636457059578,0.973939393939394,1.0,0.9996164261676115,0.8797740786696938,0.999713698005327,0.015513426044688972,0.9650818385989345,0.9805952646436235,1650,0.0023241544433638683,0.9976758455566361,1.0,1649,DEYE,"[""AGEP"", ""DEAR"", ""DENSITY"", ""DPHY"", ""DREM"", ""DVET"", ""EDU"", ""HISP"", ""HOUSING_TYPE"", ""INDP"", ""INDP_CAT"", ""MSP"", ""NOC"", ""NPF"", ""OWN_RENT"", ""PINCP"", ""PINCP_DECILE"", ""POVPIP"", ""PUMA"", ""PWGTP"", ""RAC1P"", ""SEX"", ""WGTP""]",23,1651,1651
1.0,1.0,0.972854964944884,0.998839327235785,0.9568892928387304,0.9739551786795881,1.0,0.9996161938753259,0.8798458079872452,0.999713525510873,0.015504174296248507,0.9651028777967597,0.9806070520930082,1651,0.0023213455284301077,0.9976786544715699,1.0,1651,DEYE,"[""AGEP"", ""DEAR"", ""DENSITY"", ""DPHY"", ""DREM"", ""DVET"", ""EDU"", ""HISP"", ""HOUSING_TYPE"", ""INDP"", ""INDP_CAT"", ""MSP"", ""NOC"", ""NPF"", ""OWN_RENT"", ""PINCP"", ""PINCP_DECILE"", ""POVPIP"", ""PUMA"", ""PWGTP"", ""RAC1P"", ""SEX"", ""WGTP""]",23,1651,1651
1.0,1.0,0.950549503837798,0.950549503837798,0.0,1.0,1.0,0.0,-9890.099232375616,0.999898899002375,0.09890099232440408,0.9010990076755959,1.0,35,0.09890099232440408,0.9010990076755959,1.0,35,DENSITY__discretized,"[""AGEP"", ""DEAR"", ""DEYE"", ""DPHY"", ""DREM"", ""DVET"", ""EDU"", ""HISP"", ""HOUSING_TYPE"", ""INDP"", ""INDP_CAT"", ""MSP"", ""NOC"", ""NPF"", ""OWN_RENT"", ""PINCP"", ""PINCP_DECILE"", ""POVPIP"", ""PUMA"", ""PWGTP"", ""RAC1P"", ""SEX"", ""WGTP""]",23,35,35
0.974671669793621,0.974671669793621,0.9645960283818222,0.9981581769749363,0.9477086748159934,0.9663137632338787,1.0,0.9997025897999603,0.8481835676803775,0.9997844729502944,0.02216833078545688,0.9535118629890937,0.9756801937745506,1039,0.003683646050127498,0.9963163539498725,1.0,1039,HOUSING_TYPE,"[""AGEP"", ""DEAR"", ""DEYE"", ""HISP"", ""NPF"", ""PINCP_DECILE"", ""PWGTP""]",7,1066,1066
0.9962476547842402,0.9953095684803002,0.9578542108316468,0.9981962296880569,0.9569745821940675,0.9595103578154426,1.0,0.9997530809545211,0.8802430427239616,0.9998151690919909,0.023896871236613326,0.9459057752133401,0.9698026464499534,1062,0.0036075406238865737,0.9963924593761136,1.0000000000000002,1061,HOUSING_TYPE,"[""AGEP"", ""DEAR"", ""DEYE"", ""HISP"", ""NPF"", ""PINCP_DECILE"", ""PWGTP""]",7,1066,1066
1.0,1.0,0.9542729167887425,0.9982046597703695,0.9605278670418982,0.9559099437148217,1.0,0.9997732429197959,0.8919586727513904,0.9998280229260517,0.02482040436764399,0.9418627146049204,0.9666831189725644,1066,0.0035906804592603647,0.9964093195407394,0.9999999999999998,1066,HOUSING_TYPE,"[""AGEP"", ""DEAR"", ""DEYE"", ""HISP"", ""NPF"", ""PINCP_DECILE"", ""PWGTP""]",7,1066,1066
0.9482758620689655,0.9655172413793104,0.2705699302741939,0.9679030316406183,0.9559840198813804,0.2545454545454545,1.0,0.9999865113567372,0.8959402147706949,0.999988056255184,0.2248975650869295,0.15812114773072913,0.38301871281765865,55,0.06419393671876339,0.9358060632812366,1.0,56,PINCP,"[""AGEP"", ""DEAR"", ""DPHY"", ""INDP"", ""INDP_CAT"", ""NPF"", ""PWGTP""]",7,58,58
0.9827586206896551,0.9827586206896551,0.26167566851523144,0.9684305825735103,0.9572288291024251,0.24561403508771928,1.0,0.999986735436899,0.8996023174918595,0.9999881951754159,0.218694587624655,0.15232837470290395,0.37102296232755894,57,0.06313883485297889,0.9368611651470209,0.9999999999999998,57,PINCP,"[""AGEP"", ""DEAR"", ""DPHY"", ""INDP"", ""INDP_CAT"", ""NPF"", ""PWGTP""]",7,58,58
1.0,1.0,0.25744427304841455,0.9689410721063986,0.9581600297913734,0.2413793103448276,1.0,0.9999868183555761,0.9021161846227427,0.9999882411217683,0.2157110589634392,0.14958874356669496,0.36529980253013417,58,0.06211785578720286,0.9378821442127971,1.0,58,PINCP,"[""AGEP"", ""DEAR"", ""DPHY"", ""INDP"", ""INDP_CAT"", ""NPF"", ""PWGTP""]",7,58,58
0.9846153846153847,0.9846153846153847,0.323117011211151,0.9716879701035973,0.958158771126352,0.3125,1.0,0.9999854478189478,0.8999551309173022,0.9999872987451373,0.22161269163266104,0.2123106653948205,0.4339233570274815,64,0.05662405979280538,0.9433759402071946,1.0,64,PUMA,"[""AGEP"", ""DEAR"", ""DREM"", ""INDP"", ""NPF"", ""PINCP"", ""PWGTP""]",7,65,65
1.0,1.0,0.31842337140824173,0.9720992343385716,0.9590503033794904,0.3076923076923077,1.0,0.9999855557641945,0.9024331190219151,0.9999873600071228,0.21910611547806308,0.20887031366921022,0.4279764291472733,65,0.05580153132285681,0.9441984686771432,1.0,65,PUMA,"[""AGEP"", ""DEAR"", ""DREM"", ""INDP"", ""NPF"", ""PINCP"", ""PWGTP""]",7,65,65
0.9479166666666666,0.9375,0.49472804397763126,0.9795321872178367,0.9594718441347763,0.4945054945054945,1.0,0.999979537166175,0.8988138963189336,0.9999829279017057,0.201244405747739,0.39410584110376173,0.5953502468515007,91,0.04093562556432695,0.9590643744356733,1.0000000000000002,90,NPF,"[""AGEP"", ""DEAR"", ""DVET"", ""HOUSING_TYPE"", ""OWN_RENT"", ""POVPIP"", ""PWGTP""]",7,96,96
0.9583333333333334,0.9583333333333334,0.4895661020574524,0.9799593053571891,0.9607189163891456,0.4891304347826087,1.0,0.9999802327879386,0.9023028620255755,0.9999834589899277,0.20015795376175094,0.3894871251765769,0.5896450789383278,92,0.04008138928562177,0.9599186107143782,1.0,92,NPF,"[""AGEP"", ""DEAR"", ""DVET"", ""HOUSING_TYPE"", ""OWN_RENT"", ""POVPIP"", ""PWGTP""]",7,96,96
0.9895833333333334,0.9895833333333334,0.4848241818979916,0.9704503611622579,0.9426233425216208,0.4842105263157895,0.9894736842105263,0.9795728422254298,0.8626016451148841,0.9969520140016306,0.1970472091593835,0.38630057731829986,0.5833477864776834,95,0.055378125150788216,0.9427612985868637,0.998139423737652,95,NPF,"[""AGEP"", ""DEAR"", ""DVET"", ""HOUSING_TYPE"", ""OWN_RENT"", ""POVPIP"", ""PWGTP""]",7,96,96
1.0,1.0,0.47996824141370165,0.9607304474848638,0.924468464567316,0.4791666666666667,0.9791666666666666,0.9599815683538875,0.8274670395446946,0.9907093254471142,0.19598816303641847,0.3819741598954924,0.5779623229319109,96,0.0670751653254118,0.9271928648221579,0.9942680301475697,96,NPF,"[""AGEP"", ""DEAR"", ""DVET"", ""HOUSING_TYPE"", ""OWN_RENT"", ""POVPIP"", ""PWGTP""]",7,96,96
0.935064935064935,0.935064935064935,0.4208875977163715,0.9746744137017711,0.9562511196148857,0.4166666666666667,1.0,0.9999821934246489,0.8917690081855034,0.9999849493149136,0.22207084593794613,0.30985217474739846,0.5319230206853446,72,0.050651172596457794,0.9493488274035422,1.0,72,PINCP_DECILE,"[""AGEP"", ""DEAR"", ""EDU"", ""MSP"", ""NOC"", ""RAC1P"", ""WGTP""]",7,77,77
0.974025974025974,0.974025974025974,0.41755606634850984,0.9756380787585971,0.9581564443358959,0.41333333333333333,1.0,0.999982915071501,0.8971154333801351,0.9999854993422097,0.2175575500888931,0.3087772913040633,0.5263348413929564,75,0.04872384248280581,0.9512761575171942,1.0,75,PINCP_DECILE,"[""AGEP"", ""DEAR"", ""EDU"", ""MSP"", ""NOC"", ""RAC1P"", ""WGTP""]",7,77,77
1.0,1.0,0.40722582064439294,0.9762407873587828,0.9599024173231886,0.4025974025974026,1.0,0.9999832611497589,0.9021603010777092,0.9999857099951814,0.2140112953522249,0.30022017296828046,0.5142314683205054,77,0.047518425282433996,0.9524815747175658,0.9999999999999998,77,PINCP_DECILE,"[""AGEP"", ""DEAR"", ""EDU"", ""MSP"", ""NOC"", ""RAC1P"", ""WGTP""]",7,77,77
0.954954954954955,0.954954954954955,0.5637282140564688,0.9825136207132639,0.959896332721224,0.5660377358490566,1.0,0.9999766682796698,0.8981774786796283,0.9999808593798213,0.18542931746842994,0.47101355532225386,0.6564428727906838,106,0.03497275857347226,0.9650272414265277,1.0,106,NPF,"[""AGEP"", ""DEAR"", ""INDP_CAT"", ""MSP"", ""OWN_RENT"", ""POVPIP"", ""WGTP""]",7,111,111
1.0,1.0,0.5653074253585546,0.983274947653304,0.9615022930091924,0.5675675675675675,1.0,0.9999768755347531,0.9027510158328829,0.9999809646644406,0.1812724149420784,0.4746712178875154,0.6559436328295938,111,0.03345010469339249,0.9665498953066077,1.0000000000000002,111,NPF,"[""AGEP"", ""DEAR"", ""INDP_CAT"", ""MSP"", ""OWN_RENT"", ""POVPIP"", ""WGTP""]",7,111,111
0.976,0.976,0.6271441077522606,0.9847369108054935,0.9590386058121166,0.6311475409836066,1.0,0.9999728398813341,0.8941445899195474,0.9999780905246958,0.16879018515432687,0.5427490151750972,0.7115392003294241,122,0.030526178389012837,0.9694738216109872,1.0,122,INDP,"[""AGEP"", ""DEAR"", ""INDP_CAT"", ""MSP"", ""POVPIP"", ""PWGTP""]",6,125,125
1.0,1.0,0.6125414143298342,0.985092303145837,0.9614995965973308,0.616,1.0,0.9999739590114839,0.9017017448148095,0.9999787919849141,0.16810251995946113,0.5284901543501036,0.6965926743095647,125,0.029815393708326643,0.9701846062916736,1.0000000000000002,125,INDP,"[""AGEP"", ""DEAR"", ""INDP_CAT"", ""MSP"", ""POVPIP"", ""PWGTP""]",6,125,125
1.0,1.0,0.9533517643373346,0.9980904252916768,0.9588588235054234,0.9550898203592815,1.0,0.9997773829027389,0.8865158517892042,0.9998321436784567,0.02583304783372442,0.9404352404204723,0.9662682882541967,1002,0.00381914941664685,0.9961808505833534,1.0000000000000002,1002,DEAR,"[""AGEP"", ""DENSITY"", ""DEYE"", ""DPHY"", ""DREM"", ""DVET"", ""EDU"", ""HISP"", ""HOUSING_TYPE"", ""INDP"", ""INDP_CAT"", ""MSP"", ""NOC"", ""NPF"", ""OWN_RENT"", ""PINCP"", ""PINCP_DECILE"", ""POVPIP"", ""PUMA"", ""PWGTP"", ""RAC1P"", ""SEX"", ""WGTP""]",23,1002,1002
0.9830508474576272,0.983702737940026,0.9716102973893658,0.998730382883713,0.9549423976416271,0.9728116710875332,1.0,0.9996321216686292,0.8732622191364191,0.9997272552248125,0.016570846934619965,0.9633248739220558,0.9798957208566758,1508,0.0025392342325736283,0.9974607657674261,0.9999999999999998,1509,DEYE,"[""AGEP"", ""DENSITY"", ""DREM"", ""EDU"", ""PINCP_DECILE"", ""PUMA"", ""PWGTP""]",7,1534,1534
0.9986962190352021,0.9980443285528031,0.969449496794822,0.9987485812301273,0.9587238871402249,0.970626631853786,1.0,0.999659671091796,0.8859577987158108,0.9997441584402811,0.01705245072290351,0.9609232714333702,0.9779757221562737,1532,0.0025028375397454505,0.9974971624602545,1.0,1531,DEYE,"[""AGEP"", ""DENSITY"", ""DREM"", ""EDU"", ""PINCP_DECILE"", ""PUMA"", ""PWGTP""]",7,1534,1534
0.9986962190352021,0.999348109517601,0.969449496794822,0.9987502097894856,0.9587771771198474,0.970626631853786,1.0,0.9996596714064806,0.8861056196683459,0.9997441586768502,0.01705245072290351,0.9609232714333702,0.9779757221562737,1532,0.0024995804210293793,0.9975004195789708,1.0000000000000002,1533,DEYE,"[""AGEP"", ""DENSITY"", ""DREM"", ""EDU"", ""PINCP_DECILE"", ""PUMA"", ""PWGTP""]",7,1534,1534
1.0,1.0,0.9694892284629076,0.9987510224806788,0.9587501411033732,0.970664928292047,1.0,0.9996592272767438,0.8860303826037336,0.9997438266888237,0.017030602335087908,0.9609739272953637,0.9780045296304516,1534,0.002497955038642252,0.9975020449613577,1.0,1534,DEYE,"[""AGEP"", ""DENSITY"", ""DREM"", ""EDU"", ""PINCP_DECILE"", ""PUMA"", ""PWGTP""]",7,1534,1534
0.967741935483871,0.956989247311828,0.4786874583458739,0.9793117273818739,0.9602964065253902,0.4777777777777778,1.0,0.9999806431861439,0.9015203055968842,0.999983758156328,0.2021338050508345,0.37762055582045667,0.5797543608712912,90,0.04137654523625267,0.9586234547637476,1.0000000000000002,89,INDP_CAT,"[""AGEP"", ""DENSITY"", ""EDU"", ""MSP"", ""PINCP_DECILE"", ""POVPIP"", ""WGTP""]",7,93,93
0.967741935483871,0.967741935483871,0.4786874583458739,0.9795321872178367,0.9607194116959006,0.4777777777777778,1.0,0.9999807650287593,0.9025696207776198,0.9999838603915784,0.2021338050508345,0.37762055582045667,0.5797543608712912,90,0.04093562556432695,0.9590643744356733,1.0000000000000002,90,INDP_CAT,"[""AGEP"", ""DENSITY"", ""EDU"", ""MSP"", ""PINCP_DECILE"", ""POVPIP"", ""WGTP""]",7,93,93
1.0,1.0,0.46385845439936635,0.9698400928082371,0.9437287695254808,0.46236559139784944,0.989247311827957,0.9799817723390344,0.8662456153034322,0.9969933109203536,0.19862448264691807,0.36454621307590734,0.5631706957228254,93,0.05651853032621468,0.9415808276451298,0.9980993579713445,93,INDP_CAT,"[""AGEP"", ""DENSITY"", ""EDU"", ""MSP"", ""PINCP_DECILE"", ""POVPIP"", ""WGTP""]",7,93,93
0.975103734439834,0.975103734439834,0.7993617622042635,0.9919581406853281,0.9598706717276185,0.8042553191489362,1.0,0.999948810883736,0.8927738135934352,0.9999601102306968,0.1011135169387728,0.748805003734877,0.8499185206736498,235,0.016083718629344324,0.9839162813706559,1.0000000000000002,235,PWGTP__discretized,"[""AGEP"", ""DENSITY"", ""HISP"", ""PINCP_DECILE"", ""PUMA"", ""RAC1P"", ""WGTP""]",7,241,241
0.9875518672199171,0.991701244813278,0.7935807629767928,0.9920906033933635,0.9616362615146791,0.7983193277310925,1.0,0.9999504154531368,0.8982964094064064,0.9999611201891127,0.1015854180247967,0.7427880539643945,0.8443734719891912,238,0.015818793213272953,0.984181206786727,1.0,239,PWGTP__discretized,"[""AGEP"", ""DENSITY"", ""HISP"", ""PINCP_DECILE"", ""PUMA"", ""RAC1P"", ""WGTP""]",7,241,241
0.995850622406639,0.995850622406639,0.7870717733503787,0.9921230400292207,0.9629612766881975,0.7916666666666666,1.0,0.9999520018622846,0.9025462714226151,0.9999621378521542,0.10236045745749889,0.7358915446216292,0.8382520020791281,240,0.015753919941558725,0.9842460800584413,1.0,240,PWGTP__discretized,"[""AGEP"", ""DENSITY"", ""HISP"", ""PINCP_DECILE"", ""PUMA"", ""RAC1P"", ""WGTP""]",7,241,241
1.0,1.0,0.7838571552985938,0.9880709360889489,0.944765640593147,0.7883817427385892,0.995850622406639,0.9803458307166267,0.8596081690268516,0.9972231714117736,0.10272405030965537,0.7324951301437661,0.8352191804534215,241,0.02239244194531742,0.9768747151162902,0.9992671570616076,241,PWGTP__discretized,"[""AGEP"", ""DENSITY"", ""HISP"", ""PINCP_DECILE"", ""PUMA"", ""RAC1P"", ""WGTP""]",7,241,241
0.9646739130434783,0.967391304347826,0.872030590998983,0.9946622898410822,0.9582139469392061,0.8760563380281691,1.0,0.9999189484971003,0.8858985750309198,0.9999381022121129,0.06866123955174919,0.8376999712231084,0.9063612107748575,355,0.010675420317835749,0.9893245796821643,1.0,356,RAC1P,"[""AGEP"", ""DENSITY"", ""HOUSING_TYPE"", ""INDP_CAT"", ""PINCP"", ""PINCP_DECILE"", ""WGTP""]",7,368,368
0.9864130434782609,0.9864130434782609,0.8639174275153358,0.994764143026468,0.9614537367600824,0.8677685950413223,1.0,0.9999243559419096,0.8964414176251813,0.9999414909759037,0.06975446961388199,0.8290401927083948,0.8987946623222768,363,0.010471713947064587,0.9895282860529356,1.0000000000000002,363,RAC1P,"[""AGEP"", ""DENSITY"", ""HOUSING_TYPE"", ""INDP_CAT"", ""PINCP"", ""PINCP_DECILE"", ""WGTP""]",7,368,368
0.9972826086956522,0.9972826086956522,0.8545989718036938,0.9921240483207158,0.945767856802257,0.8583106267029973,0.997275204359673,0.9807000158011672,0.860735074800332,0.9972878988408016,0.07137343384668005,0.8189122548803538,0.8902856887270338,367,0.014789592601068824,0.9847292520201814,0.9995188446212502,367,RAC1P,"[""AGEP"", ""DENSITY"", ""HOUSING_TYPE"", ""INDP_CAT"", ""PINCP"", ""PINCP_DECILE"", ""WGTP""]",7,368,368
1.0,1.0,0.8549900014340569,0.9921452292608518,0.9457676815823991,0.8586956521739131,0.9972826086956522,0.9806998273968303,0.8607247911500022,0.997287945037616,0.07119711544093454,0.8193914437135896,0.8905885591545242,368,0.014749846574546144,0.9847703059735787,0.9995201525481249,368,RAC1P,"[""AGEP"", ""DENSITY"", ""HOUSING_TYPE"", ""INDP_CAT"", ""PINCP"", ""PINCP_DECILE"", ""WGTP""]",7,368,368
0.9789473684210527,0.9789473684210527,0.7475750043850624,0.9898824554853362,0.9598805374647155,0.7526881720430108,1.0,0.999959517003709,0.8939206455556793,0.9999681157712128,0.1231727202264159,0.6859886442718545,0.8091613644982704,186,0.020235089029327247,0.9797649109706725,0.9999999999999998,186,WGTP__discretized,"[""AGEP"", ""DENSITY"", ""INDP_CAT"", ""PINCP"", ""PINCP_DECILE"", ""PWGTP"", ""SEX""]",7,190,190
0.9947368421052631,0.9947368421052631,0.7411307209786053,0.9900398523113592,0.9614872696371436,0.746031746031746,1.0,0.9999606258098056,0.89895872058851,0.9999687990915346,0.12326047443884658,0.679500483759182,0.8027609581980286,189,0.01992029537728157,0.9800797046227184,1.0,189,WGTP__discretized,"[""AGEP"", ""DENSITY"", ""INDP_CAT"", ""PINCP"", ""PINCP_DECILE"", ""PWGTP"", ""SEX""]",7,190,190
1.0,1.0,0.73730733497291,0.9900912352701401,0.9622433798726894,0.7421052631578947,1.0,0.9999612259932775,0.9013214608277021,0.999969180967327,0.12354430482964007,0.67553518255809,0.79907948738773,190,0.019817529459719485,0.9801824705402803,0.9999999999999998,190,WGTP__discretized,"[""AGEP"", ""DENSITY"", ""INDP_CAT"", ""PINCP"", ""PINCP_DECILE"", ""PWGTP"", ""SEX""]",7,190,190
0.9463722397476341,0.9463722397476341,0.8554485303591634,0.9936785143877267,0.9562007042879813,0.86,1.0,0.999927045803335,0.8798157264282732,0.9999444395603764,0.07856028542022497,0.8161683876490509,0.8947286730692758,300,0.012642971224546051,0.9873570287754537,0.9999999999999998,300,RAC1P,"[""AGEP"", ""DENSITY"", ""MSP"", ""NOC"", ""NPF"", ""PINCP"", ""POVPIP""]",7,317,317
0.9716088328075709,0.9716088328075709,0.8431230741564866,0.9938406861691489,0.9606764988499421,0.8474025974025974,1.0,0.9999342720055667,0.8943980765547266,0.9999490904237238,0.08028085060077128,0.8029826488561009,0.8832634994568722,308,0.012318627661702108,0.9876813723382979,1.0,308,RAC1P,"[""AGEP"", ""DENSITY"", ""MSP"", ""NOC"", ""NPF"", ""PINCP"", ""POVPIP""]",7,317,317
0.9779179810725552,0.9779179810725552,0.8441227950119339,0.9938799372856459,0.960676205565439,0.8483870967741935,1.0,0.9999339529267522,0.894377116578586,0.9999488532520081,0.07981448279539183,0.8042155536142379,0.8840300364096297,310,0.01224012542870856,0.9877598745712917,1.0000000000000002,310,RAC1P,"[""AGEP"", ""DENSITY"", ""MSP"", ""NOC"", ""NPF"", ""PINCP"", ""POVPIP""]",7,317,317
0.9842271293375394,0.9842271293375394,0.8451098548208018,0.9907525458460943,0.9402359566594742,0.8493589743589743,0.9967948717948718,0.9786584045803304,0.8443120137052946,0.9970396623438538,0.07935342012748037,0.8054331447570616,0.884786564884542,312,0.017362892181038037,0.9820710997555753,0.9994339919366133,312,RAC1P,"[""AGEP"", ""DENSITY"", ""MSP"", ""NOC"", ""NPF"", ""PINCP"", ""POVPIP""]",7,317,317
0.9905362776025236,0.9905362776025236,0.8460844925899205,0.987664512285797,0.9197956925133844,0.8503184713375797,0.9936305732484076,0.9573828401506371,0.7996753547874408,0.9909063971557922,0.07889757437774703,0.8066357054010469,0.8855332797787939,314,0.021174039538480516,0.9770774925165567,0.9982515320550372,314,RAC1P,"[""AGEP"", ""DENSITY"", ""MSP"", ""NOC"", ""NPF"", ""PINCP"", ""POVPIP""]",7,317,317
0.9968454258675079,0.9968454258675079,0.8439203923268339,0.9877416472998735,0.921401860635001,0.8481012658227848,0.9936708860759493,0.9582702469540633,0.8044386528121131,0.9910686280247142,0.07911358103167665,0.8043636018109955,0.8834771828426722,316,0.021041923964570053,0.9772206853175884,0.9982626092821585,316,RAC1P,"[""AGEP"", ""DENSITY"", ""MSP"", ""NOC"", ""NPF"", ""PINCP"", ""POVPIP""]",7,317,317
1.0,1.0,0.8444068619004572,0.9877798541848104,0.9214016763121721,0.8485804416403786,0.9936908517350158,0.9582700475822741,0.8044195056002114,0.9910693323542046,0.07888876285967605,0.8049624804706191,0.8838512433302952,317,0.02097648248627193,0.9772916129416744,0.9982680954279464,317,RAC1P,"[""AGEP"", ""DENSITY"", ""MSP"", ""NOC"", ""NPF"", ""PINCP"", ""POVPIP""]",7,317,317
0.9905660377358491,0.9952830188679245,0.8366980397396743,0.9910597823116155,0.9451955768688964,0.8428571428571429,1.0,0.9999363668252251,0.8432675999577072,0.9999529355667525,0.09833116990282664,0.787532454788261,0.8858636246910876,210,0.017880435376768533,0.9821195646232312,0.9999999999999998,211,NOC,"[""AGEP"", ""DENSITY"", ""MSP"", ""NPF"", ""PUMA"", ""PWGTP"", ""WGTP""]",7,212,212
1.0,1.0,0.8289451451446211,0.9911012026102792,0.9479215213595307,0.8349056603773585,1.0,0.999939432240104,0.853045758440758,0.99995474127848,0.0997740677028005,0.7790581112932209,0.8788321789960214,212,0.017797594779440984,0.9822024052205588,0.9999999999999998,212,NOC,"[""AGEP"", ""DENSITY"", ""MSP"", ""NPF"", ""PUMA"", ""PWGTP"", ""WGTP""]",7,212,212
0.8672566371681416,0.8672566371681416,0.5392767350970743,0.9811400049391594,0.9590358621229899,0.5408163265306123,1.0,0.9999701710237757,0.8963191162548613,0.9999754321617863,0.19359263834688917,0.4424804159236297,0.6360730542705189,98,0.03771999012168059,0.9622800098783192,0.9999999999999998,98,PWGTP__discretized,"[""AGEP"", ""DENSITY"", ""NOC"", ""OWN_RENT"", ""PINCP"", ""PINCP_DECILE"", ""POVPIP""]",7,113,113
0.8938053097345132,0.9026548672566371,0.5333837399762427,0.9818527689267684,0.9610854661121983,0.5346534653465347,1.0,0.9999755566922626,0.9021777461390069,0.9999797641138345,0.19097406544723233,0.43789670725262647,0.6288707726998588,101,0.03629446214646326,0.9637055378535367,1.0,102,PWGTP__discretized,"[""AGEP"", ""DENSITY"", ""NOC"", ""OWN_RENT"", ""PINCP"", ""PINCP_DECILE"", ""POVPIP""]",7,113,113
0.9469026548672567,0.9469026548672567,0.513532842457681,0.9646275910470509,0.9272677017849756,0.514018691588785,0.9813084112149533,0.9615182651932374,0.83322575460128,0.9911113777678732,0.18609389656770303,0.42048589417382953,0.6065797907415326,107,0.060462888233547396,0.9343961469302772,0.9948590351638246,107,PWGTP__discretized,"[""AGEP"", ""DENSITY"", ""NOC"", ""OWN_RENT"", ""PINCP"", ""PINCP_DECILE"", ""POVPIP""]",7,113,113
0.9557522123893806,0.9646017699115044,0.5089412281504949,0.9652545309913342,0.9292247347835929,0.5092592592592593,0.981651376146789,0.9625906210970562,0.8382239947553031,0.9913375703898174,0.1852997177325087,0.41629136928424054,0.6015910870167492,108,0.05939821328264494,0.9355554243500117,0.9949536376326567,109,PWGTP__discretized,"[""AGEP"", ""DENSITY"", ""NOC"", ""OWN_RENT"", ""PINCP"", ""PINCP_DECILE"", ""POVPIP""]",7,113,113
0.9823008849557522,0.9823008849557522,0.49564617164276303,0.9571519775098822,0.9150255693414348,0.4954954954954955,0.972972972972973,0.946409798561406,0.814801153920743,0.9844855057563761,0.18288652389135018,0.40420290969708794,0.5870894335884381,111,0.0672287679857716,0.9235375935169964,0.990766361502768,111,PWGTP__discretized,"[""AGEP"", ""DENSITY"", ""NOC"", ""OWN_RENT"", ""PINCP"", ""PINCP_DECILE"", ""POVPIP""]",7,113,113
0.9911504424778761,0.9911504424778761,0.5,0.9575218625486783,0.9150254229438007,0.5,0.9732142857142857,0.946409641534219,0.8146134238503969,0.9845010643722977,0.1821025729278527,0.40894871353607365,0.5910512864639264,112,0.06665463501078561,0.9241945450432856,0.9908491800540712,112,PWGTP__discretized,"[""AGEP"", ""DENSITY"", ""NOC"", ""OWN_RENT"", ""PINCP"", ""PINCP_DECILE"", ""POVPIP""]",7,113,113
1.0,1.0,0.5042793029550179,0.9578854161869165,0.915025266613132,0.504424778761062,0.9734513274336283,0.9464094742373946,0.814429411757476,0.9845162713622806,0.18131475953646253,0.41362192318678664,0.5949366827232492,113,0.06609021991062725,0.9248403062316028,0.9909305261422301,113,PWGTP__discretized,"[""AGEP"", ""DENSITY"", ""NOC"", ""OWN_RENT"", ""PINCP"", ""PINCP_DECILE"", ""POVPIP""]",7,113,113
0.9848484848484849,0.9848484848484849,0.33294950169558246,0.9720992343385716,0.9581585626840606,0.3230769230769231,1.0,0.9999852207623288,0.8996465940136172,0.999987140197471,0.2218212221850529,0.22203889060305598,0.4438601127881089,65,0.05580153132285681,0.9441984686771432,1.0,65,POVPIP,"[""AGEP"", ""DENSITY"", ""NPF"", ""OWN_RENT"", ""PUMA"", ""PWGTP"", ""SEX""]",7,66,66
1.0,1.0,0.3281822830933711,0.9724987214932291,0.9590500989845372,0.3181818181818182,1.0,0.9999853335484412,0.9021364832785375,0.9999872044210494,0.2193844315741428,0.2184900673062997,0.4378744988804425,66,0.05500255701354129,0.9449974429864585,0.9999999999999998,66,POVPIP,"[""AGEP"", ""DENSITY"", ""NPF"", ""OWN_RENT"", ""PUMA"", ""PWGTP"", ""SEX""]",7,66,66
0.9222222222222223,0.9222222222222223,0.4596966696836977,0.9778823451790133,0.9590454183361059,0.4578313253012048,1.0,0.9999803028008977,0.898404453860955,0.9999834457684675,0.20960579972598264,0.35489376982070636,0.564499569546689,83,0.044235309641973974,0.9557646903580262,1.0000000000000002,83,SEX,"[""AGEP"", ""DEYE"", ""DPHY"", ""EDU"", ""NOC"", ""PUMA"", ""WGTP""]",7,90,90
0.9444444444444444,0.9444444444444444,0.46060397874528447,0.9783802580929744,0.9599003895368531,0.4588235294117647,1.0,0.9999810804463021,0.9007518517556296,0.9999840771519715,0.20726532111018087,0.35697131819019406,0.5642366393003749,85,0.04323948381405174,0.9567605161859485,1.0000000000000002,85,SEX,"[""AGEP"", ""DEYE"", ""DPHY"", ""EDU"", ""NOC"", ""PUMA"", ""WGTP""]",7,90,90
1.0,1.0,0.4786874583458739,0.9475633747366476,0.8993969739022941,0.4777777777777778,0.9666666666666667,0.9361522864455787,0.7775571542651725,0.9816667998959272,0.2021338050508345,0.37762055582045667,0.5797543608712912,90,0.08207247008109253,0.9065271396961013,0.9885996097771939,90,SEX,"[""AGEP"", ""DEYE"", ""DPHY"", ""EDU"", ""NOC"", ""PUMA"", ""WGTP""]",7,90,90
0.9839167455061495,0.9848628192999054,0.9617559457204847,0.9981617025299561,0.9516835068901843,0.9634615384615385,1.0,0.9997262664424492,0.8621567076655533,0.999798957264906,0.02301840048720316,0.9502467454768831,0.9732651459640863,1040,0.003676594940087874,0.9963234050599121,1.0,1041,HOUSING_TYPE,"[""AGEP"", ""DEYE"", ""DVET"", ""HISP"", ""NPF"", ""PINCP"", ""PWGTP""]",7,1057,1057
0.9962157048249763,0.9962157048249763,0.9574952997581367,0.9981825756414873,0.9570166456572095,0.9591642924976258,1.0,0.9997551745249698,0.8803658944547866,0.9998167235496711,0.024096127955317015,0.9454472357804783,0.9695433637357953,1053,0.003634848717026018,0.9963651512829742,1.0000000000000002,1053,HOUSING_TYPE,"[""AGEP"", ""DEYE"", ""DVET"", ""HISP"", ""NPF"", ""PINCP"", ""PWGTP""]",7,1057,1057
1.0,1.0,0.9557702717779267,0.9981894284066892,0.9588475864008028,0.9574266792809839,1.0,0.9997651662709433,0.8864495024199076,0.999823012711874,0.024523009506337567,0.9435087670247579,0.9680317765310955,1057,0.003621143186621434,0.9963788568133786,1.0,1057,HOUSING_TYPE,"[""AGEP"", ""DEYE"", ""DVET"", ""HISP"", ""NPF"", ""PINCP"", ""PWGTP""]",7,1057,1057
0.9375,0.9479166666666666,0.5213125416541261,0.9797479980355599,0.9576722501479743,0.5222222222222223,1.0,0.999978660270333,0.8927148021696263,0.999982413780502,0.20213380505083456,0.4202456391287088,0.6223794441795434,90,0.040504003928880095,0.9594959960711199,1.0,91,SEX,"[""AGEP"", ""DEYE"", ""HOUSING_TYPE"", ""MSP"", ""NOC"", ""PINCP"", ""PWGTP""]",7,96,96
0.9895833333333334,0.96875,0.5151758181020083,0.9801662486941325,0.9590709727933031,0.5157894736842106,1.0,0.9999792636648603,0.8972910808476255,0.9999827876487589,0.19704720915938345,0.41665221352231663,0.6136994226817001,95,0.03966750261173535,0.9603324973882649,1.0000000000000002,93,SEX,"[""AGEP"", ""DEYE"", ""HOUSING_TYPE"", ""MSP"", ""NOC"", ""PINCP"", ""PWGTP""]",7,96,96
1.0,1.0,0.5100158792931493,0.9807622060711623,0.9607183165767958,0.5104166666666666,1.0,0.9999795748852788,0.9018071028251107,0.9999829946325868,0.1961110167885889,0.41196037089885484,0.6080713876874437,96,0.038475587857675575,0.9615244121423244,1.0,96,SEX,"[""AGEP"", ""DEYE"", ""HOUSING_TYPE"", ""MSP"", ""NOC"", ""PINCP"", ""PWGTP""]",7,96,96
0.9446808510638298,0.9446808510638298,0.7922404076941445,0.9914952311219702,0.959017125647097,0.7972972972972973,1.0,0.9999495055169474,0.8902628084725598,0.9999606983101895,0.1053481268884301,0.7395663442499294,0.8449144711383595,222,0.0170095377560594,0.9829904622439406,1.0,222,NOC,"[""AGEP"", ""DPHY"", ""HOUSING_TYPE"", ""INDP"", ""NPF"", ""PINCP"", ""WGTP""]",7,235,235
0.9914893617021276,0.9914893617021276,0.7807785441414007,0.9918902314657623,0.9629625718080107,0.7854077253218884,1.0,0.9999533984477724,0.9026669539456109,0.999963194548452,0.10497827422271389,0.7282894070300437,0.8332676812527576,233,0.01621953706847601,0.9837804629315242,1.0000000000000002,233,NOC,"[""AGEP"", ""DPHY"", ""HOUSING_TYPE"", ""INDP"", ""NPF"", ""PINCP"", ""WGTP""]",7,235,235
1.0,1.0,0.7742404954458637,0.9877712628922612,0.9457910087019563,0.7787234042553192,0.9957446808510638,0.9807249095473567,0.8628619135510638,0.9972665059878739,0.10566994888599757,0.7214055210028649,0.8270754698888625,235,0.02295434686529718,0.9762940894596127,0.9992484363249099,235,NOC,"[""AGEP"", ""DPHY"", ""HOUSING_TYPE"", ""INDP"", ""NPF"", ""PINCP"", ""WGTP""]",7,235,235
0.9651162790697675,0.9709302325581395,0.7178502248915668,0.9887572406393288,0.9601190842785872,0.7228915662650602,1.0,0.9999637957734342,0.8952038269294926,0.9999713067786089,0.1349995575476478,0.6503504461177428,0.7853500036653907,166,0.02248551872134208,0.9775144812786577,0.9999999999999998,167,MSP,"[""AGEP"", ""DREM"", ""DVET"", ""EDU"", ""NPF"", ""PINCP_DECILE"", ""PWGTP""]",7,172,172
0.9941860465116279,0.9941860465116279,0.7144800223753425,0.9890144510157809,0.9614907362103962,0.7192982456140351,1.0,0.9999643753652115,0.8995156797474732,0.999971615059855,0.13355690718289892,0.6477015687838931,0.781258475966792,171,0.021971097968438213,0.9780289020315618,1.0,171,MSP,"[""AGEP"", ""DREM"", ""DVET"", ""EDU"", ""NPF"", ""PINCP_DECILE"", ""PWGTP""]",7,172,172
1.0,1.0,0.7104168166491895,0.9890769251846027,0.962246781195284,0.7151162790697675,1.0,0.9999648991912935,0.9018649409011049,0.9999719472560266,0.13375636785137668,0.6435386327235012,0.7772950005748779,172,0.021846149630794676,0.9781538503692053,1.0,172,MSP,"[""AGEP"", ""DREM"", ""DVET"", ""EDU"", ""NPF"", ""PINCP_DECILE"", ""PWGTP""]",7,172,172
0.9640287769784173,0.9568345323741008,0.6378395162279545,0.9859638341559641,0.9612164068304535,0.6417910447761194,1.0,0.9999717771621907,0.9004275046996483,0.9999771428761893,0.16028090307375775,0.5576990646910757,0.7179799677648334,134,0.028072331688071772,0.9719276683119282,1.0,133,NOC,"[""AGEP"", ""DREM"", ""INDP_CAT"", ""MSP"", ""PINCP"", ""PUMA"", ""WGTP""]",7,139,139
0.9784172661870504,0.9784172661870504,0.6430191029803556,0.9862649501332088,0.9614974421909837,0.6470588235294118,1.0,0.9999716298027097,0.9010377753340975,0.9999770494645557,0.15861611171855483,0.5637110471210781,0.7223271588396329,136,0.027470099733582498,0.9725299002664175,1.0,136,NOC,"[""AGEP"", ""DREM"", ""INDP_CAT"", ""MSP"", ""PINCP"", ""PUMA"", ""WGTP""]",7,139,139
0.9928057553956835,0.9928057553956835,0.6410024979035401,0.9723583679768596,0.9229775636823111,0.644927536231884,0.9855072463768116,0.9591566591845386,0.8168540713401707,0.9908794984630633,0.15769909204214994,0.5621529518824652,0.7198520439246151,138,0.04731631324039065,0.9487002113566643,0.9960165245970549,138,NOC,"[""AGEP"", ""DREM"", ""INDP_CAT"", ""MSP"", ""PINCP"", ""PUMA"", ""WGTP""]",7,139,139
1.0,1.0,0.6435157563444742,0.9725518806464397,0.9229773836682406,0.6474820143884892,0.9856115107913669,0.9591564647451836,0.8167518309221594,0.9908844138516446,0.15689576860535726,0.5650678720417956,0.7219636406471529,139,0.0469867338332165,0.9490585137298315,0.996045247563048,139,NOC,"[""AGEP"", ""DREM"", ""INDP_CAT"", ""MSP"", ""PINCP"", ""PUMA"", ""WGTP""]",7,139,139
0.9827586206896551,0.9827586206896551,0.26167566851523144,0.9684305825735103,0.9572288291024251,0.24561403508771928,1.0,0.999986735436899,0.8996023174918595,0.9999881951754159,0.218694587624655,0.15232837470290395,0.37102296232755894,57,0.06313883485297889,0.9368611651470209,0.9999999999999998,57,INDP_CAT,"[""AGEP"", ""DREM"", ""NPF"", ""PUMA"", ""PWGTP"", ""SEX"", ""WGTP""]",7,58,58
1.0,1.0,0.25744427304841455,0.9689410721063986,0.9581600297913734,0.2413793103448276,1.0,0.9999868183555761,0.9021161846227427,0.9999882411217683,0.2157110589634392,0.14958874356669496,0.36529980253013417,58,0.06211785578720286,0.9378821442127971,1.0,58,INDP_CAT,"[""AGEP"", ""DREM"", ""NPF"", ""PUMA"", ""PWGTP"", ""SEX"", ""WGTP""]",7,58,58
0.9878048780487805,0.9878048780487805,0.4469598936351341,0.9773609572837924,0.9590470289705801,0.4444444444444444,1.0,0.9999819960682285,0.8987490909417708,0.9999848176311489,0.2115287372011112,0.3411955250345785,0.5527242622356897,81,0.045278085432415294,0.9547219145675847,1.0,81,PUMA,"[""AGEP"", ""DVET"", ""HISP"", ""NOC"", ""NPF"", ""OWN_RENT"", ""PWGTP""]",7,82,82
1.0,1.0,0.441753086810372,0.97762468815495,0.959901415788744,0.43902439024390244,1.0,0.999982174230807,0.9012428258577247,0.9999849232885322,0.21003540435361934,0.33673538463356234,0.5467707889871817,82,0.04475062369010052,0.9552493763098997,1.0000000000000002,82,PUMA,"[""AGEP"", ""DVET"", ""HISP"", ""NOC"", ""NPF"", ""OWN_RENT"", ""PWGTP""]",7,82,82
0.9761904761904762,0.9761904761904762,0.46505185208622324,0.97762468815495,0.9581549900811437,0.4634146341463415,1.0,0.9999813306071521,0.8957739353458108,0.9999843582350827,0.21100178376302892,0.3595509602047088,0.5705527439677377,82,0.04475062369010052,0.9552493763098997,1.0000000000000002,82,NPF,"[""AGEP"", ""DVET"", ""HOUSING_TYPE"", ""INDP_CAT"", ""MSP"", ""PWGTP"", ""WGTP""]",7,84,84
0.9880952380952381,0.9880952380952381,0.4596966696836977,0.9778823451790133,0.9590466203813054,0.4578313253012048,1.0,0.9999815518408199,0.8984058508745769,0.9999844955094397,0.20960579972598264,0.35489376982070636,0.564499569546689,83,0.044235309641973974,0.9557646903580262,1.0000000000000002,83,NPF,"[""AGEP"", ""DVET"", ""HOUSING_TYPE"", ""INDP_CAT"", ""MSP"", ""PWGTP"", ""WGTP""]",7,84,84
1.0,1.0,0.45446341563879333,0.9781341357926698,0.9599010151755506,0.4523809523809524,1.0,0.9999817394638879,0.9009113543444942,0.999984607162438,0.20821242844600013,0.35035720141579324,0.5585696298617934,84,0.043731728414659776,0.95626827158534,0.9999999999999998,84,NPF,"[""AGEP"", ""DVET"", ""HOUSING_TYPE"", ""INDP_CAT"", ""MSP"", ""PWGTP"", ""WGTP""]",7,84,84
0.987012987012987,0.987012987012987,0.39980143000685664,0.9759432074674315,0.9599026130580097,0.39473684210526316,1.0,0.9999834738104519,0.9023610728795106,0.9999858625661611,0.2146712072071157,0.2924658264032988,0.5071370336104145,76,0.04811358506513741,0.9518864149348628,1.0000000000000002,76,DENSITY__discretized,"[""AGEP"", ""EDU"", ""HISP"", ""HOUSING_TYPE"", ""MSP"", ""PINCP_DECILE"", ""PWGTP""]",7,77,77
1.0,1.0,0.40722582064439294,0.9762407873587828,0.9599024173231886,0.4025974025974026,1.0,0.9999832611497589,0.9021603010777092,0.9999857099951814,0.2140112953522249,0.30022017296828046,0.5142314683205054,77,0.047518425282433996,0.9524815747175658,0.9999999999999998,77,DENSITY__discretized,"[""AGEP"", ""EDU"", ""HISP"", ""HOUSING_TYPE"", ""MSP"", ""PINCP_DECILE"", ""PWGTP""]",7,77,77
0.9722222222222222,0.9861111111111112,0.3916597785611734,0.9743360239015548,0.9577973704413636,0.38571428571428573,1.0,0.9999837154952173,0.8967390891123985,0.9999860972320156,0.22236573109156876,0.280476913015389,0.5028426441069578,70,0.05132795219689035,0.9486720478031097,1.0,71,INDP,"[""AGEP"", ""EDU"", ""HISP"", ""PINCP"", ""PINCP_DECILE"", ""POVPIP"", ""WGTP""]",7,72,72
1.0,1.0,0.3813313965745573,0.9746744137017711,0.9590488726166491,0.375,1.0,0.9999840002559958,0.9005744927003807,0.9999862603054276,0.21827922631234625,0.2721917834183841,0.4904710097307304,72,0.050651172596457794,0.9493488274035422,1.0,72,INDP,"[""AGEP"", ""EDU"", ""HISP"", ""PINCP"", ""PINCP_DECILE"", ""POVPIP"", ""WGTP""]",7,72,72
0.9902912621359223,0.9912621359223301,0.9473348837890825,0.9981258277621228,0.9642303008196956,0.9490196078431372,1.0,0.9998038676596388,0.9038712354486342,0.9998490509377056,0.02715625488689566,0.9337567563456347,0.9609130112325304,1020,0.0037483444757538953,0.9962516555242459,0.9999999999999998,1021,DREM,"[""AGEP"", ""EDU"", ""HOUSING_TYPE"", ""INDP_CAT"", ""POVPIP"", ""PWGTP"", ""RAC1P""]",7,1030,1030
1.0,1.0,0.9420406979241297,0.9981421431748947,0.9677785179704127,0.9436893203883495,1.0,0.9998224453243636,0.9149791004525909,0.9998613373113059,0.028296302787157,0.9278925465305512,0.9561888493177082,1030,0.003715713650211172,0.996284286349789,1.0000000000000002,1030,DREM,"[""AGEP"", ""EDU"", ""HOUSING_TYPE"", ""INDP_CAT"", ""POVPIP"", ""PWGTP"", ""RAC1P""]",7,1030,1030
0.9558823529411765,0.9705882352941176,0.33294950169558246,0.9724987214932291,0.9587573989507007,0.3230769230769231,1.0,0.9999851771892905,0.9010831696722124,0.999987102283147,0.2218212221850529,0.22203889060305598,0.4438601127881089,65,0.05500255701354129,0.9449974429864585,0.9999999999999998,66,SEX,"[""AGEP"", ""EDU"", ""HOUSING_TYPE"", ""MSP"", ""PUMA"", ""WGTP""]",6,68,68
1.0,1.0,0.34688506914295264,0.9593447925711425,0.9377374748572288,0.3382352941176471,0.9852941176470589,0.9777630026924038,0.855130140081559,0.9965778019300349,0.21948507398079686,0.2371425321525542,0.45662760613335107,68,0.07610904770550186,0.9212902687183915,0.9973993164238933,68,SEX,"[""AGEP"", ""EDU"", ""HOUSING_TYPE"", ""MSP"", ""PUMA"", ""WGTP""]",6,68,68
0.9722222222222222,0.9722222222222222,0.950549503837798,0.950549503837798,0.0,1.0,1.0,0.0,-9861.880457795225,0.9998986097414159,0.09890099232440408,0.9010990076755959,1.0,35,0.09890099232440408,0.9010990076755959,1.0,35,DENSITY__discretized,"[""AGEP"", ""HISP"", ""HOUSING_TYPE"", ""OWN_RENT"", ""PINCP_DECILE"", ""PUMA"", ""WGTP""]",7,36,36
1.0,1.0,0.9517906857027681,0.9517906857027681,0.0,1.0,1.0,0.0,-9641.862859383205,0.9998962963577744,0.0964186285944637,0.9035813714055363,1.0,36,0.0964186285944637,0.9035813714055363,1.0,36,DENSITY__discretized,"[""AGEP"", ""HISP"", ""HOUSING_TYPE"", ""OWN_RENT"", ""PINCP_DECILE"", ""PUMA"", ""WGTP""]",7,36,36
0.9351211072664359,0.9359861591695502,0.9512180061150355,0.9982311143171552,0.9635341366291708,0.9528214616096207,1.0,0.9997802331953237,0.9016434373931614,0.9998314017580288,0.025436204440323462,0.9384999038948737,0.9639361083351972,1081,0.003537771365689224,0.9964622286343106,0.9999999999999998,1082,DREM,"[""AGEP"", ""HISP"", ""INDP"", ""NPF"", ""OWN_RENT"", ""RAC1P"", ""WGTP""]",7,1156,1156
0.9826989619377162,0.9835640138408305,0.94655333078218,0.9983163923475109,0.9683180173954063,0.9480633802816901,1.0,0.9998073825703794,0.9165840778033041,0.9998493707031973,0.02594029450172397,0.933583183531318,0.9595234780330419,1136,0.003367215304977633,0.9966327846950221,0.9999999999999998,1137,DREM,"[""AGEP"", ""HISP"", ""INDP"", ""NPF"", ""OWN_RENT"", ""RAC1P"", ""WGTP""]",7,1156,1156
0.990484429065744,0.9913494809688581,0.9443607044996767,0.998329570224127,0.9698032011576171,0.9458515283842794,1.0,0.9998153411852353,0.9211157238737173,0.9998546820812105,0.026342235479225207,0.9311895867600641,0.9575318222392893,1145,0.0033408595517454565,0.9966591404482543,0.9999999999999998,1146,DREM,"[""AGEP"", ""HISP"", ""INDP"", ""NPF"", ""OWN_RENT"", ""RAC1P"", ""WGTP""]",7,1156,1156
0.9930795847750865,0.9930795847750865,0.944505618441802,0.998332470674989,0.9697766249509612,0.945993031358885,1.0,0.9998148650541749,0.921044905100511,0.999854310698419,0.02627556004497067,0.9313678384193167,0.9576433984642874,1148,0.003335058650022371,0.9966649413499779,1.0000000000000002,1148,DREM,"[""AGEP"", ""HISP"", ""INDP"", ""NPF"", ""OWN_RENT"", ""RAC1P"", ""WGTP""]",7,1156,1156
0.9930795847750865,0.9939446366782007,0.944505618441802,0.9983339171265475,0.9698026876351828,0.945993031358885,1.0,0.9998148676803573,0.9211131910703277,0.9998543127650525,0.02627556004497067,0.9313678384193167,0.9576433984642874,1148,0.0033321657469048693,0.9966678342530951,1.0,1149,DREM,"[""AGEP"", ""HISP"", ""INDP"", ""NPF"", ""OWN_RENT"", ""RAC1P"", ""WGTP""]",7,1156,1156
0.995674740484429,0.9948096885813149,0.94291794002818,0.9983353610709134,0.9706677407140214,0.944396177237185,1.0,0.999820185345186,0.9237488532700123,0.9998579337578983,0.026597816693464726,0.9296190316814475,0.9562168483749123,1151,0.003329277858173385,0.9966707221418266,1.0,1150,DREM,"[""AGEP"", ""HISP"", ""INDP"", ""NPF"", ""OWN_RENT"", ""RAC1P"", ""WGTP""]",7,1156,1156
0.995674740484429,0.9965397923875432,0.94291794002818,0.9974730709059985,0.955564238809167,0.944396177237185,0.9991319444444444,0.9842115581408419,0.8878681143280596,0.997680815939947,0.026597816693464726,0.9296190316814475,0.9562168483749123,1151,0.0047473590707473035,0.9950993913706249,0.9998467504413722,1152,DREM,"[""AGEP"", ""HISP"", ""INDP"", ""NPF"", ""OWN_RENT"", ""RAC1P"", ""WGTP""]",7,1156,1156
1.0,1.0,0.9388530830045876,0.9966195988421266,0.9445622617286643,0.9403114186851211,0.9982698961937716,0.970851839894648,0.8672941968351607,0.9935275513620118,0.02742397972093802,0.9251410931441186,0.9525650728650567,1156,0.005811632007332923,0.9937137828384601,0.999525414845793,1156,DREM,"[""AGEP"", ""HISP"", ""INDP"", ""NPF"", ""OWN_RENT"", ""RAC1P"", ""WGTP""]",7,1156,1156
0.9676331759946055,0.9676331759946055,0.9715599455662844,0.9986650861367858,0.95272566878842,0.972822299651568,1.0,0.9996305104421273,0.865698392073303,0.9997281012190454,0.01699191665062949,0.9630639872409698,0.9800559038915992,1435,0.002669827726428431,0.9973301722735716,1.0,1435,DEYE,"[""AGEP"", ""HOUSING_TYPE"", ""INDP"", ""INDP_CAT"", ""NPF"", ""OWN_RENT"", ""PWGTP""]",7,1483,1483
0.9939312204989885,0.9946055293324343,0.9675738360672413,0.99870119315435,0.9596497588499301,0.9687924016282226,1.0,0.9996796613773525,0.8889800037448906,0.9997583589928911,0.01789675679744618,0.9586254576685183,0.9765222144659644,1474,0.0025976136912995162,0.9974023863087003,0.9999999999999998,1475,DEYE,"[""AGEP"", ""HOUSING_TYPE"", ""INDP"", ""INDP_CAT"", ""NPF"", ""OWN_RENT"", ""PWGTP""]",7,1483,1483
0.9959541469993257,0.9959541469993257,0.9669642356925189,0.9987029473014102,0.9604471917085897,0.9681787406905891,1.0,0.9996858407279413,0.8916030710794293,0.9997622861008981,0.018043940936093072,0.9579422652244723,0.9759862061605654,1477,0.0025941053971796357,0.9974058946028204,1.0,1477,DEYE,"[""AGEP"", ""HOUSING_TYPE"", ""INDP"", ""INDP_CAT"", ""NPF"", ""OWN_RENT"", ""PWGTP""]",7,1483,1483
0.9979770734996628,0.9979770734996628,0.9663571002726785,0.9973577167647929,0.921187081455454,0.9675675675675676,0.9986486486486487,0.9580379379885166,0.7995045951333986,0.991094899560204,0.018188474867716575,0.9572628628388202,0.9754513377065368,1480,0.004543231391612168,0.9950861010689869,0.999629332460599,1480,DEYE,"[""AGEP"", ""HOUSING_TYPE"", ""INDP"", ""INDP_CAT"", ""NPF"", ""OWN_RENT"", ""PWGTP""]",7,1483,1483
1.0,1.0,0.9650798482230052,0.9966904814355593,0.9049669584709037,0.9662845583277141,0.9979770734996628,0.9397212786687438,0.7686313717125666,0.9841974460636845,0.018506527867129585,0.9558265842894403,0.9743331121565699,1483,0.005242615509167936,0.9940691736809754,0.9993117891901433,1483,DEYE,"[""AGEP"", ""HOUSING_TYPE"", ""INDP"", ""INDP_CAT"", ""NPF"", ""OWN_RENT"", ""PWGTP""]",7,1483,1483
0.9671532846715328,0.9671532846715328,0.8105919762758429,0.9928555312161578,0.9622289657358402,0.8150943396226416,1.0,0.9999456634507888,0.8998625987611322,0.9999574327425256,0.09324883832256559,0.7639675571145601,0.8572163954371257,265,0.014288937567684457,0.9857110624323155,1.0,265,HISP,"[""AGEP"", ""HOUSING_TYPE"", ""INDP"", ""INDP_CAT"", ""NPF"", ""OWN_RENT"", ""PWGTP""]",7,274,274
0.9927007299270073,0.9927007299270073,0.8117732931361227,0.9930368356571243,0.9629553398821029,0.8161764705882353,1.0,0.9999456002218079,0.9020741729267054,0.9999572916913855,0.0918431061523941,0.7658517400599256,0.8576948462123197,272,0.013926328685751388,0.9860736713142486,1.0,272,HISP,"[""AGEP"", ""HOUSING_TYPE"", ""INDP"", ""INDP_CAT"", ""NPF"", ""OWN_RENT"", ""PWGTP""]",7,274,274
1.0,1.0,0.809529039924529,0.9894877840666969,0.9447597495879162,0.8138686131386861,0.9963503649635036,0.9803394876432123,0.8589035990625927,0.9972318179702623,0.09194121153366575,0.7635584341576961,0.8554996456913618,274,0.019735349915670386,0.9796201091088617,0.999355459024532,274,HISP,"[""AGEP"", ""HOUSING_TYPE"", ""INDP"", ""INDP_CAT"", ""NPF"", ""OWN_RENT"", ""PWGTP""]",7,274,274
1.0,1.0,0.3376656806417906,0.9728869303043489,0.9590498945896713,0.3283582089552239,1.0,0.9999851113327868,0.9018513518176158,0.9999870482565651,0.21950501376178935,0.2279131737608959,0.44741818752268525,67,0.05422613939130172,0.9457738606086981,0.9999999999999998,67,EDU,"[""AGEP"", ""INDP"", ""MSP"", ""NOC"", ""PWGTP"", ""SEX"", ""WGTP""]",7,67,67
1.0,1.0,0.3730650076883163,0.9743360239015548,0.9590490770110793,0.36619718309859156,1.0,0.9999842224711565,0.9008119823306804,0.9999864187230106,0.21872558869714248,0.2637022133397451,0.48242780203688757,71,0.05132795219689035,0.9486720478031097,1.0,71,AGEP__discretized,"[""DEAR"", ""DENSITY"", ""DEYE"", ""DPHY"", ""DREM"", ""DVET"", ""EDU"", ""HISP"", ""HOUSING_TYPE"", ""INDP"", ""INDP_CAT"", ""MSP"", ""NOC"", ""NPF"", ""OWN_RENT"", ""PINCP"", ""PINCP_DECILE"", ""POVPIP"", ""PUMA"", ""PWGTP"", ""RAC1P"", ""SEX"", ""WGTP""]",23,71,71
0.9098360655737705,0.9098360655737705,0.8320913723797096,0.9914952311219702,0.9492861867292827,0.8378378378378378,1.0,0.9999316791791372,0.8575734106908265,0.9999487840012267,0.0968304257698469,0.7836761594947862,0.8805065852646331,222,0.0170095377560594,0.9829904622439406,1.0,222,WGTP__discretized,"[""DEAR"", ""HISP"", ""INDP"", ""NPF"", ""PINCP_DECILE"", ""PUMA"", ""PWGTP""]",7,244,244
0.9590163934426229,0.9631147540983607,0.8153361082288921,0.9919581406853281,0.9563992327305064,0.8205128205128205,1.0,0.9999439103302447,0.8813394481312353,0.9999569229076477,0.09809039252504692,0.7662909119663687,0.8643813044914156,234,0.016083718629344324,0.9839162813706559,1.0000000000000002,235,WGTP__discretized,"[""DEAR"", ""HISP"", ""INDP"", ""NPF"", ""PINCP_DECILE"", ""PUMA"", ""PWGTP""]",7,244,244
0.9754098360655737,0.9754098360655737,0.8059855839476432,0.9920578985103989,0.9590148467113864,0.8109243697478992,1.0,0.9999470094444272,0.8899501833117348,0.9999588716103297,0.09919382012437561,0.7563886738854554,0.855582494009831,238,0.015884202979201567,0.9841157970207982,0.9999999999999998,238,WGTP__discretized,"[""DEAR"", ""HISP"", ""INDP"", ""NPF"", ""PINCP_DECILE"", ""PUMA"", ""PWGTP""]",7,244,244
0.9918032786885246,0.9918032786885246,0.7928716756945118,0.9881194594908531,0.9425961312487547,0.7975206611570248,0.9958677685950413,0.9795434558301623,0.8529513734538297,0.9971278864391447,0.10089366700989744,0.7424248421895631,0.8433185091994605,242,0.022301454791753383,0.9769687320949764,0.9992701868867297,242,WGTP__discretized,"[""DEAR"", ""HISP"", ""INDP"", ""NPF"", ""PINCP_DECILE"", ""PUMA"", ""PWGTP""]",7,244,244
1.0,1.0,0.790508296483559,0.9882153315904256,0.9437013245639368,0.7950819672131147,0.9959016393442623,0.9799521783336973,0.856292223483241,0.9971771703801262,0.10092028907780581,0.7400481519446561,0.8409684410224619,244,0.022121680809693234,0.9771544911855791,0.9992761719952723,244,WGTP__discretized,"[""DEAR"", ""HISP"", ""INDP"", ""NPF"", ""PINCP_DECILE"", ""PUMA"", ""PWGTP""]",7,244,244
0.936,0.936,0.8195405896719441,0.9919243288370718,0.9551944849441614,0.8247863247863247,1.0,0.9999408168521047,0.8774452220278951,0.9999547278848397,0.09719280404951947,0.7709441876471843,0.8681369916967038,234,0.016151342325856688,0.9838486576741435,1.0000000000000002,234,HISP,"[""DEAR"", ""MSP"", ""OWN_RENT"", ""PINCP"", ""PWGTP"", ""SEX"", ""WGTP""]",7,250,250
0.984,0.984,0.7961878318726445,0.9923122070315579,0.9622327727792056,0.8008130081300813,1.0,0.9999497714783177,0.9001474436060557,0.9999605406158698,0.09947814949026856,0.7464487571275102,0.8459269066177788,246,0.015375585936884262,0.9846244140631157,1.0,246,HISP,"[""DEAR"", ""MSP"", ""OWN_RENT"", ""PINCP"", ""PWGTP"", ""SEX"", ""WGTP""]",7,250,250
0.992,0.992,0.7938356549653187,0.9923732596716153,0.9629597903377274,0.7983870967741935,1.0,0.9999503991706518,0.9024167561930232,0.9999609247907575,0.0995187274686562,0.7440762912309906,0.8435950186996468,248,0.015253480656769791,0.9847465193432304,1.0000000000000002,248,HISP,"[""DEAR"", ""MSP"", ""OWN_RENT"", ""PINCP"", ""PWGTP"", ""SEX"", ""WGTP""]",7,250,250
1.0,1.0,0.7875810765473302,0.9924333502522775,0.9643332479185178,0.792,1.0,0.9999519253882022,0.9066978238616713,0.9999619126010946,0.10025020918007321,0.7374559719572936,0.8377061811373668,250,0.015133299495444508,0.9848667005045553,0.9999999999999998,250,HISP,"[""DEAR"", ""MSP"", ""OWN_RENT"", ""PINCP"", ""PWGTP"", ""SEX"", ""WGTP""]",7,250,250
0.9679012345679012,0.9679012345679012,0.9340974902640102,0.9975620356242456,0.9628597487587041,0.9362244897959183,1.0,0.9998425278796222,0.8997088172210973,0.9998791387223054,0.03438936052229591,0.9169028100028623,0.9512921705251582,784,0.004875928751508329,0.9951240712484914,0.9999999999999998,784,DPHY,"[""DENSITY"", ""DEYE"", ""EDU"", ""INDP"", ""MSP"", ""PWGTP"", ""WGTP""]",7,810,810
0.9938271604938271,0.9950617283950617,0.9259178312920401,0.9976282649036712,0.9678544266724505,0.9279503105590062,1.0,0.9998612240030365,0.9153541547254247,0.9998913347600901,0.03587001631703424,0.907982823133523,0.9438528394505572,805,0.004743470192657306,0.9952565298073425,0.9999999999999998,806,DPHY,"[""DENSITY"", ""DEYE"", ""EDU"", ""INDP"", ""MSP"", ""PWGTP"", ""WGTP""]",7,810,810
0.9975308641975309,0.9975308641975309,0.9261915873360425,0.9976341077565352,0.967814368035835,0.9282178217821783,1.0,0.9998607087905101,0.9152452886983837,0.9998909362559422,0.03574252631355901,0.908320324179263,0.944062850492822,808,0.00473178448692968,0.9952682155130703,1.0,808,DPHY,"[""DENSITY"", ""DEYE"", ""EDU"", ""INDP"", ""MSP"", ""PWGTP"", ""WGTP""]",7,810,810
1.0,1.0,0.9251442295669909,0.9964111813441168,0.9519297185473625,0.9271604938271605,0.9987654320987654,0.9829159047656163,0.8775061333271054,0.9975443667219065,0.03593527172613131,0.9071765937039253,0.9431118654300567,810,0.006741707708127653,0.993040327490053,0.9997820351981807,810,DPHY,"[""DENSITY"", ""DEYE"", ""EDU"", ""INDP"", ""MSP"", ""PWGTP"", ""WGTP""]",7,810,810
0.9056603773584906,0.9056603773584906,0.2106562905206617,0.962949935166941,0.9530486127655271,0.1875,1.0,0.999986159803939,0.8911107760397813,0.9999874787347771,0.21748476194437047,0.10191390954847648,0.31939867149284695,48,0.07410012966611734,0.9258998703338824,0.9999999999999998,48,PINCP,"[""DENSITY"", ""DEYE"", ""INDP"", ""NPF"", ""POVPIP"", ""PUMA"", ""PWGTP""]",7,53,53
0.9622641509433962,0.9622641509433962,0.21736710996916148,0.9649766900507344,0.955237081965897,0.19607843137254902,1.0,0.9999874705167331,0.8962782706866704,0.9999886803699505,0.21442736968898918,0.1101534251246669,0.3245807948136561,51,0.07004661989853167,0.9299533801014686,1.0000000000000002,51,PINCP,"[""DENSITY"", ""DEYE"", ""INDP"", ""NPF"", ""POVPIP"", ""PUMA"", ""PWGTP""]",7,53,53
0.9811320754716981,0.9811320754716981,0.2134745341919576,0.9656038819380688,0.9562561028504072,0.19230769230769232,1.0,0.9999876082491913,0.898971978122799,0.9999887799440627,0.21102814788924512,0.10796046024733506,0.3189886081365802,52,0.06879223612386232,0.9312077638761377,1.0,52,PINCP,"[""DENSITY"", ""DEYE"", ""INDP"", ""NPF"", ""POVPIP"", ""PUMA"", ""PWGTP""]",7,53,53
1.0,1.0,0.20971892097194228,0.966209005711729,0.9572296901923258,0.18867924528301888,1.0,0.9999876745705226,0.901530468311309,0.9999888162785641,0.20773133979016634,0.1058532510768591,0.31358459086702545,53,0.06758198857654196,0.932418011423458,1.0,53,PINCP,"[""DENSITY"", ""DEYE"", ""INDP"", ""NPF"", ""POVPIP"", ""PUMA"", ""PWGTP""]",7,53,53
0.928345626975764,0.9293993677555321,0.9650550625740821,0.9978317458601407,0.9376705005024177,0.9670828603859251,1.0,0.9996810477535981,0.8112120669502215,0.9997759977538173,0.023859141098017234,0.9531254920250735,0.9769846331230907,881,0.004336508279718765,0.9956634917202812,1.0,882,DEAR,"[""DENSITY"", ""DPHY"", ""DVET"", ""EDU"", ""HISP"", ""PINCP"", ""PWGTP""]",7,949,949
0.9768177028451,0.9789251844046365,0.9538903977647017,0.9979409905164643,0.9551379235837647,0.9557713052858684,1.0,0.9997736740438103,0.8740620553575323,0.999831614358354,0.026682643506596215,0.9405490760114036,0.9672317195179998,927,0.004118018967071313,0.9958819810329287,1.0,929,DEAR,"[""DENSITY"", ""DPHY"", ""DVET"", ""EDU"", ""HISP"", ""PINCP"", ""PWGTP""]",7,949,949
0.9926238145416227,0.9915700737618546,0.9525071258069449,0.9979671410558715,0.956995029616583,0.9543524416135881,1.0,0.9997809612084031,0.8803860464529568,0.9998358693659827,0.026857869635284914,0.9390781909893023,0.9659360606245873,942,0.004065717888257048,0.995934282111743,1.0,941,DEAR,"[""DENSITY"", ""DPHY"", ""DVET"", ""EDU"", ""HISP"", ""PINCP"", ""PWGTP""]",7,949,949
0.9968387776606955,0.9978925184404637,0.9516543219040351,0.9969282687631547,0.9362695061323142,0.9534883720930233,0.9989440337909187,0.9770866526353978,0.8287215053437511,0.9968253066369063,0.02703495928565247,0.9381368422612089,0.9651718015468613,946,0.005770605891026626,0.9940429658176414,0.999813571708668,947,DEAR,"[""DENSITY"", ""DPHY"", ""DVET"", ""EDU"", ""HISP"", ""PINCP"", ""PWGTP""]",7,949,949
1.0,1.0,0.9486580595780385,0.9969347162811724,0.9401135829813257,0.9504741833508957,0.9989462592202318,0.9785258253173976,0.8410290233098057,0.9969954959383928,0.02779043166399553,0.9347628437460407,0.9625532754100362,949,0.00575849674570883,0.9940554679083179,0.9998139646540267,949,DEAR,"[""DENSITY"", ""DPHY"", ""DVET"", ""EDU"", ""HISP"", ""PINCP"", ""PWGTP""]",7,949,949
0.9613065326633166,0.9623115577889447,0.9833472250595071,0.9989990160982204,0.9393227293994366,0.9843178254051228,1.0,0.9993581184030518,0.8173672692484721,0.9995484943102056,0.011291974502674273,0.97770123780817,0.9889932123108442,1913,0.0020019678035596566,0.9979980321964406,1.0000000000000002,1915,DVET,"[""DENSITY"", ""DPHY"", ""INDP_CAT"", ""PINCP"", ""PINCP_DECILE"", ""POVPIP"", ""PWGTP""]",7,1990,1990
0.9879396984924623,0.9889447236180905,0.9827799697998767,0.9990259209726242,0.9428857265892383,0.9837232960325534,1.0,0.9993858943444742,0.8306532935194672,0.9995631855717845,0.011334019537623585,0.977112960031065,0.9884469795686885,1966,0.0019481580547512367,0.9980518419452485,0.9999999999999998,1968,DVET,"[""DENSITY"", ""DPHY"", ""INDP_CAT"", ""PINCP"", ""PINCP_DECILE"", ""POVPIP"", ""PWGTP""]",7,1990,1990
0.9969849246231156,0.9969849246231156,0.9819297815472381,0.9990337612681213,0.9460051454706284,0.9828629032258065,1.0,0.9994168088422568,0.8420646562651424,0.9995809088643064,0.0115620481282378,0.9761487574831191,0.9877108056113569,1984,0.001932477463757576,0.9980675225362424,1.0,1984,DVET,"[""DENSITY"", ""DPHY"", ""INDP_CAT"", ""PINCP"", ""PINCP_DECILE"", ""POVPIP"", ""PWGTP""]",7,1990,1990
0.9994974874371859,0.9994974874371859,0.9814733233058108,0.9990361855420832,0.9474655314900001,0.9824032176973353,1.0,0.9994320370417145,0.8473061851484068,0.9995898902547949,0.011694081571056558,0.9756262825202826,0.9873203640913392,1989,0.0019276289158332016,0.9980723710841666,0.9999999999999998,1989,DVET,"[""DENSITY"", ""DPHY"", ""INDP_CAT"", ""PINCP"", ""PINCP_DECILE"", ""POVPIP"", ""PWGTP""]",7,1990,1990
1.0,1.0,0.9814826152565888,0.9990366689378184,0.9474652750152551,0.9824120603015075,1.0,0.9994317516611946,0.8473055420635104,0.9995896849852187,0.011688267643401917,0.9756384814348877,0.9873267490782897,1990,0.0019266621243627657,0.998073337875637,0.9999999999999998,1990,DVET,"[""DENSITY"", ""DPHY"", ""INDP_CAT"", ""PINCP"", ""PINCP_DECILE"", ""POVPIP"", ""PWGTP""]",7,1990,1990
0.9264705882352942,0.9264705882352942,0.34291186659814193,0.9712644002055743,0.9562528889516944,0.3333333333333333,1.0,0.9999841450113964,0.8942733694208145,0.9999862816844929,0.2268314439042043,0.2294961446460398,0.4563275885502441,63,0.05747119958885194,0.9425288004111483,1.0000000000000002,63,PINCP_DECILE,"[""DENSITY"", ""DVET"", ""HISP"", ""INDP_CAT"", ""MSP"", ""PWGTP"", ""WGTP""]",7,68,68
0.9705882352941176,0.9705882352941176,0.3281822830933711,0.9724987214932291,0.9590500503748295,0.3181818181818182,1.0,0.9999852836073172,0.9021364286309672,0.9999871608504016,0.2193844315741428,0.2184900673062997,0.4378744988804425,66,0.05500255701354129,0.9449974429864585,0.9999999999999998,66,PINCP_DECILE,"[""DENSITY"", ""DVET"", ""HISP"", ""INDP_CAT"", ""MSP"", ""PWGTP"", ""WGTP""]",7,68,68
0.9705882352941176,0.9852941176470589,0.3281822830933711,0.9587709025340698,0.9386165534222087,0.3181818181818182,0.9850746268656716,0.9780951016766487,0.8579904226809312,0.9966097142902309,0.2193844315741428,0.2184900673062997,0.4378744988804425,66,0.07717905146370219,0.9201813768022188,0.997360428265921,67,PINCP_DECILE,"[""DENSITY"", ""DVET"", ""HISP"", ""INDP_CAT"", ""MSP"", ""PWGTP"", ""WGTP""]",7,68,68
1.0,1.0,0.33296552997413015,0.9593447925711425,0.9390367370450122,0.3235294117647059,0.9852941176470589,0.9782464085313521,0.8590401483393733,0.9966341293523103,0.21717897804166042,0.22437604095329994,0.44155501899496036,68,0.07610904770550186,0.9212902687183915,0.9973993164238933,68,PINCP_DECILE,"[""DENSITY"", ""DVET"", ""HISP"", ""INDP_CAT"", ""MSP"", ""PWGTP"", ""WGTP""]",7,68,68
0.9242424242424242,0.9199134199134199,0.8841320202865555,0.9955211200530167,0.9612557996980694,0.8875878220140515,1.0,0.9999044278635368,0.8955360473185446,0.9999263594999642,0.0600519847260742,0.8541060279235183,0.9141580126495925,427,0.008957759893966633,0.9910422401060334,1.0,425,OWN_RENT,"[""DENSITY"", ""DVET"", ""INDP_CAT"", ""MSP"", ""NPF"", ""POVPIP"", ""PWGTP""]",7,462,462
0.9978354978354979,0.9956709956709957,0.8667917238547518,0.9958590820768145,0.9688412269921102,0.8698481561822126,1.0,0.9999231717666488,0.9190871070525871,0.9999390081339512,0.0614794522036195,0.836051997752942,0.8975314499565615,461,0.008281835846370655,0.9917181641536291,0.9999999999999998,460,OWN_RENT,"[""DENSITY"", ""DVET"", ""INDP_CAT"", ""MSP"", ""NPF"", ""POVPIP"", ""PWGTP""]",7,462,462
1.0,1.0,0.8670776758103429,0.9958768603052002,0.9689079407887049,0.8701298701298701,1.0,0.999923005928543,0.9192569198972375,0.9999388793926764,0.06135723104790036,0.8363990602863928,0.8977562913342931,462,0.008246279389599653,0.9917537206104003,1.0,462,OWN_RENT,"[""DENSITY"", ""DVET"", ""INDP_CAT"", ""MSP"", ""NPF"", ""POVPIP"", ""PWGTP""]",7,462,462
0.924,0.928,0.7959443377204727,0.9918558449394288,0.9600390162588248,0.8008658008658008,1.0,0.9999471037652999,0.8933001315246406,0.9999587513690782,0.10262432590220905,0.7446321747693682,0.8472565006715772,231,0.016288310121142735,0.9837116898788575,1.0000000000000002,232,HISP,"[""DENSITY"", ""EDU"", ""HOUSING_TYPE"", ""INDP_CAT"", ""PINCP"", ""PWGTP"", ""SEX""]",7,250,250
0.964,0.968,0.792025706530208,0.9921871216532768,0.9623869667107791,0.7966804979253111,1.0,0.9999506022107197,0.9006351913356373,0.9999611616521894,0.1012536498446599,0.741398881607878,0.8426525314525379,241,0.01562575669344679,0.9843742433065534,1.0000000000000002,242,HISP,"[""DENSITY"", ""EDU"", ""HOUSING_TYPE"", ""INDP_CAT"", ""PINCP"", ""PWGTP"", ""SEX""]",7,250,250
0.972,0.972,0.7856084238718231,0.9922187730556951,0.96366045746536,0.7901234567901234,1.0,0.9999522155413911,0.904697632488128,0.999962210907398,0.10200160854863427,0.734607619597506,0.8366092281461402,243,0.015562453888609329,0.9844375461113904,0.9999999999999998,243,HISP,"[""DENSITY"", ""EDU"", ""HOUSING_TYPE"", ""INDP_CAT"", ""PINCP"", ""PWGTP"", ""SEX""]",7,250,250
0.98,0.984,0.7792942957711846,0.9843071304944594,0.9288547488650998,0.7836734693877551,0.991869918699187,0.962373038462084,0.8278139691489673,0.9917576882844289,0.10268915120092204,0.7279497201707236,0.8306388713716456,245,0.026920938338184763,0.970846661325367,0.9977675996635518,246,HISP,"[""DENSITY"", ""EDU"", ""HOUSING_TYPE"", ""INDP_CAT"", ""PINCP"", ""PWGTP"", ""SEX""]",7,250,250
0.996,0.996,0.770920759275391,0.9844933286311739,0.9322680043961344,0.7751004016064257,0.9919678714859438,0.9642428395632805,0.8376060220727353,0.9921079552806135,0.10326541008347234,0.7192880542336549,0.8225534643171273,249,0.026602402601764275,0.9711921273302918,0.9977945299320561,249,HISP,"[""DENSITY"", ""EDU"", ""HOUSING_TYPE"", ""INDP_CAT"", ""PINCP"", ""PWGTP"", ""SEX""]",7,250,250
1.0,1.0,0.7718232093392573,0.9845544166482412,0.932267843782695,0.776,0.992,0.9642426677380471,0.8375781946814983,0.9921091565996281,0.10291698075089117,0.7203647189638117,0.8232816997147029,250,0.026497892462898687,0.9713054704167918,0.9978033628796905,250,HISP,"[""DENSITY"", ""EDU"", ""HOUSING_TYPE"", ""INDP_CAT"", ""PINCP"", ""PWGTP"", ""SEX""]",7,250,250
0.95,0.9666666666666667,0.26167566851523144,0.9689410721063986,0.9579201819730624,0.24561403508771928,1.0,0.9999866782578108,0.9012254744413987,0.9999881442884847,0.218694587624655,0.15232837470290395,0.37102296232755894,57,0.06211785578720286,0.9378821442127971,1.0,58,AGEP__discretized,"[""DENSITY"", ""HISP"", ""OWN_RENT"", ""PINCP"", ""PUMA"", ""PWGTP"", ""WGTP""]",7,60,60
1.0,0.9833333333333333,0.249379160571224,0.9535222532201107,0.9380684217433248,0.23333333333333334,0.9830508474576272,0.9778796469839037,0.8606557083140368,0.9964841171003147,0.2099670864095913,0.14439561736642834,0.35436270377601964,60,0.08695902572306724,0.9100427403585771,0.9970017660816444,59,AGEP__discretized,"[""DENSITY"", ""HISP"", ""OWN_RENT"", ""PINCP"", ""PUMA"", ""PWGTP"", ""WGTP""]",7,60,60
1.0,1.0,0.249379160571224,0.938586469000358,0.9181707867926332,0.23333333333333334,0.9666666666666667,0.9565092629226576,0.8239785972809824,0.9892482881974439,0.2099670864095913,0.14439561736642834,0.35436270377601964,60,0.10444842348688799,0.886362257256914,0.990810680743802,60,AGEP__discretized,"[""DENSITY"", ""HISP"", ""OWN_RENT"", ""PINCP"", ""PUMA"", ""PWGTP"", ""WGTP""]",7,60,60
0.946257197696737,0.946257197696737,0.8995238249061598,0.9961341200975738,0.9614266606280744,0.9026369168356998,1.0,0.9998950867011658,0.8957085613782567,0.9999193951712226,0.05250468764743976,0.8732714810824399,0.9257761687298797,493,0.007731759804852745,0.9922682401951475,1.0000000000000002,493,DPHY,"[""DEYE"", ""DVET"", ""MSP"", ""NPF"", ""PINCP"", ""POVPIP"", ""PWGTP""]",7,521,521
0.982725527831094,0.9846449136276392,0.8819002847316252,0.9962837164519858,0.96845062173005,0.884765625,1.0,0.9999131867228213,0.9176765656274095,0.9999313864685289,0.05540648577108476,0.8541970418460828,0.9096035276171676,512,0.007432567096028797,0.9925674329039714,1.0000000000000002,513,DPHY,"[""DEYE"", ""DVET"", ""MSP"", ""NPF"", ""PINCP"", ""POVPIP"", ""PWGTP""]",7,521,521
0.9865642994241842,0.9884836852207294,0.8823564077911319,0.9962980417665295,0.9684500910060562,0.8852140077821011,1.0,0.9999128716199808,0.9176693084689512,0.9999311426700752,0.05520622653439311,0.8547532945239353,0.9099595210583284,514,0.007403916466940719,0.9925960835330591,0.9999999999999998,515,DPHY,"[""DEYE"", ""DVET"", ""MSP"", ""NPF"", ""PINCP"", ""POVPIP"", ""PWGTP""]",7,521,521
0.9961612284069098,0.9942418426103646,0.8758309458534901,0.9905704513752751,0.9239843713667149,0.8786127167630058,0.9942084942084942,0.9522105777097495,0.8240722765254376,0.9869900141781456,0.056261624715500225,0.8477001334957399,0.9039617582112401,519,0.014915999332336116,0.9831124517091071,0.9980284510414432,518,DPHY,"[""DEYE"", ""DVET"", ""MSP"", ""NPF"", ""PINCP"", ""POVPIP"", ""PWGTP""]",7,521,521
0.9980806142034548,0.9980806142034548,0.8760679814146425,0.9867885038615931,0.8933251507646729,0.8788461538461538,0.9903846153846154,0.9205589379234603,0.7671730675821177,0.9728730580197091,0.05616155476817308,0.8479872040305559,0.904148758798729,520,0.018195165162585014,0.9776909212803006,0.9958860864428856,520,DPHY,"[""DEYE"", ""DVET"", ""MSP"", ""NPF"", ""PINCP"", ""POVPIP"", ""PWGTP""]",7,521,521
1.0,1.0,0.8763041137104101,0.9868136762177709,0.8933250132387628,0.8790786948176583,0.9904030710172744,0.9205587918840354,0.7671633052056109,0.9728740544717652,0.0560618371125885,0.8482731951541158,0.9043350322667043,521,0.01816063895870257,0.9777333567384197,0.9958939956971222,521,DPHY,"[""DEYE"", ""DVET"", ""MSP"", ""NPF"", ""PINCP"", ""POVPIP"", ""PWGTP""]",7,521,521
0.9864864864864865,0.9864864864864865,0.3893826310633385,0.9750039960221342,0.9590486631594006,0.3835616438356164,1.0,0.9999837728117774,0.9003449373765888,0.9999860970545549,0.21775306837965108,0.28050609687351297,0.49825916525316405,73,0.04999200795573111,0.9500079920442687,0.9999999999999998,73,POVPIP,"[""DEYE"", ""EDU"", ""HOUSING_TYPE"", ""OWN_RENT"", ""PINCP"", ""PWGTP"", ""WGTP""]",7,74,74
1.0,1.0,0.38438037857523616,0.975325110301807,0.9599030182448591,0.3783783783783784,1.0,0.9999839133022642,0.9027823737674293,0.9999861789619099,0.2158100633292569,0.2764753469106077,0.4922854102398646,74,0.049349779396386295,0.9506502206036139,1.0000000000000002,74,POVPIP,"[""DEYE"", ""EDU"", ""HOUSING_TYPE"", ""OWN_RENT"", ""PINCP"", ""PWGTP"", ""WGTP""]",7,74,74
0.9081632653061225,0.9183673469387755,0.5376986751873384,0.9795321872178367,0.9557039625600654,0.5393258426966292,1.0,0.9999765774785501,0.886546183135312,0.9999808584460896,0.20280822714727315,0.4362945616137018,0.6391027887609749,89,0.04093562556432695,0.9590643744356733,1.0000000000000002,90,PUMA,"[""DEYE"", ""INDP"", ""OWN_RENT"", ""PINCP_DECILE"", ""POVPIP"", ""PWGTP"", ""WGTP""]",7,98,98
0.9897959183673469,0.9897959183673469,0.5247913906565478,0.9809529787370261,0.9598984084085747,0.5257731958762887,1.0,0.9999789105762688,0.8991302521028612,0.999982535899962,0.1949273743191109,0.42732770349699234,0.6222550778161032,97,0.038094042525947724,0.9619059574740523,1.0,97,PUMA,"[""DEYE"", ""INDP"", ""OWN_RENT"", ""PINCP_DECILE"", ""POVPIP"", ""PWGTP"", ""WGTP""]",7,98,98
1.0,1.0,0.5196383675485372,0.9811400049391594,0.9607179238196434,0.5204081632653061,1.0,0.9999791493709279,0.9015759914870659,0.9999826810418192,0.19406060908074002,0.42260806300816717,0.6166686720889072,98,0.03771999012168059,0.9622800098783192,0.9999999999999998,98,PUMA,"[""DEYE"", ""INDP"", ""OWN_RENT"", ""PINCP_DECILE"", ""POVPIP"", ""PWGTP"", ""WGTP""]",7,98,98
0.9450056116722784,0.9450056116722784,0.9598970598371463,0.9977292087183512,0.9431353140137256,0.9619952494061758,1.0,0.9997308525206949,0.8317740128377843,0.9998075624520799,0.02611087337082363,0.9468416231517346,0.9729524965225582,842,0.004541582563297508,0.9954584174367025,1.0,842,DEAR,"[""DREM"", ""EDU"", ""HISP"", ""OWN_RENT"", ""PINCP"", ""PUMA"", ""PWGTP""]",7,891,891
0.9842873176206509,0.9842873176206509,0.9535435928899925,0.9978194380031584,0.952856978240778,0.9555302166476625,1.0,0.9997750644807515,0.8663639801112797,0.9998338677451318,0.02751439780526732,0.9397863939873589,0.9673007917926262,877,0.004361123993683713,0.9956388760063165,1.0000000000000002,877,DEAR,"[""DREM"", ""EDU"", ""HISP"", ""OWN_RENT"", ""PINCP"", ""PUMA"", ""PWGTP""]",7,891,891
0.9921436588103255,0.9921436588103255,0.9516572142650805,0.9978366301874455,0.9550518056134215,0.9536199095022625,1.0,0.9997844231865716,0.8738611673974442,0.9998395403605095,0.027944190308568984,0.9376851191107961,0.9656293094193651,884,0.0043267396251090995,0.9956732603748909,1.0,884,DEAR,"[""DREM"", ""EDU"", ""HISP"", ""OWN_RENT"", ""PINCP"", ""PUMA"", ""PWGTP""]",7,891,891
1.0,1.0,0.9498003484667017,0.9967360370023575,0.9347941501750644,0.9517396184062851,0.9988776655443322,0.9765418374936716,0.8240629318123861,0.9967671469814554,0.028350591342868214,0.9356250527952676,0.9639756441381359,891,0.006131631853445896,0.9936702210756345,0.9998018529290804,891,DEAR,"[""DREM"", ""EDU"", ""HISP"", ""OWN_RENT"", ""PINCP"", ""PUMA"", ""PWGTP""]",7,891,891
0.9605263157894737,0.9605263157894737,0.6868641711070489,0.9871815889576632,0.9590334916142411,0.6917808219178082,1.0,0.99996728536399,0.892712442628146,0.9999739605523559,0.14819527175713965,0.612766535228479,0.7609618069856187,146,0.025636822084674105,0.9743631779153261,1.0000000000000002,146,MSP,"[""DREM"", ""EDU"", ""NPF"", ""PINCP"", ""PINCP_DECILE"", ""PUMA"", ""PWGTP""]",7,152,152
0.993421052631579,0.993421052631579,0.6711427947129258,0.9875955094651282,0.9622507483583782,0.6754966887417219,1.0,0.9999691834888635,0.9026687398947635,0.9999751691367275,0.14774447773725952,0.597270555844296,0.7450150335815555,151,0.02480898106974405,0.9751910189302562,1.0000000000000002,151,MSP,"[""DREM"", ""EDU"", ""NPF"", ""PINCP"", ""PINCP_DECILE"", ""PUMA"", ""PWGTP""]",7,152,152
1.0,1.0,0.673252998299158,0.9812583286087717,0.9426127939305913,0.6776315789473685,0.993421052631579,0.9795614503386832,0.8565385859803841,0.9970712328646043,0.14702169380911256,0.5997421513946016,0.7467638452037142,152,0.035158760141754675,0.9636789485378944,0.998837708679649,152,MSP,"[""DREM"", ""EDU"", ""NPF"", ""PINCP"", ""PINCP_DECILE"", ""PUMA"", ""PWGTP""]",7,152,152
0.9428571428571428,0.9571428571428572,0.3854548553955807,0.9728869303043489,0.9558653602572574,0.3787878787878788,1.0,0.9999837295491854,0.8916564226352208,0.9999861258076512,0.2279207709164025,0.27149446993737947,0.49941524085378197,66,0.05422613939130172,0.9457738606086981,0.9999999999999998,67,AGEP__discretized,"[""DVET"", ""EDU"", ""INDP"", ""NOC"", ""PINCP_DECILE"", ""POVPIP"", ""PWGTP""]",7,70,70
0.9857142857142858,0.9857142857142858,0.36957976743182597,0.9736313709054741,0.9581577288253726,0.36231884057971014,1.0,0.9999843124487391,0.8985254340628818,0.9999865005390318,0.22124504766027625,0.2589572436016878,0.48020229126196406,69,0.05273725818905173,0.9472627418109483,1.0,69,AGEP__discretized,"[""DVET"", ""EDU"", ""INDP"", ""NOC"", ""PINCP_DECILE"", ""POVPIP"", ""PWGTP""]",7,70,70
1.0,1.0,0.36457472320146667,0.9739884687948666,0.9590492814055968,0.35714285714285715,1.0,0.9999844446864159,0.9010578791122704,0.9999865767597234,0.2190826609702365,0.25503339271634845,0.47411605368658494,70,0.052023062410266996,0.947976937589733,1.0,70,AGEP__discretized,"[""DVET"", ""EDU"", ""INDP"", ""NOC"", ""PINCP_DECILE"", ""POVPIP"", ""PWGTP""]",7,70,70
0.9395604395604396,0.945054945054945,0.7430773586920548,0.9890769251846027,0.9574468490113285,0.7485380116959064,1.0,0.9999593156113824,0.886397169114903,0.9999681746279722,0.129080027629366,0.6785373448773718,0.8076173725067378,171,0.021846149630794676,0.9781538503692053,1.0,172,MSP,"[""DVET"", ""EDU"", ""PINCP_DECILE"", ""POVPIP"", ""PWGTP"", ""SEX"", ""WGTP""]",7,182,182
0.9835164835164835,0.9835164835164835,0.721503373803842,0.9894951100109595,0.96224543815148,0.7262569832402235,1.0,0.9999634492555229,0.9016402151506768,0.9999708547071451,0.12960716749649248,0.6566997900555958,0.7863069575520882,179,0.021009779978080956,0.978990220021919,1.0,179,MSP,"[""DVET"", ""EDU"", ""PINCP_DECILE"", ""POVPIP"", ""PWGTP"", ""SEX"", ""WGTP""]",7,182,182
1.0,1.0,0.7206181562509049,0.9789028269836717,0.9244531524861426,0.7252747252747253,0.989010989010989,0.9599650572719152,0.8177808785270227,0.9911886933556193,0.12869082633051843,0.6562727430856456,0.7849635694161641,182,0.03615679728111554,0.9608244283431139,0.9969812256242294,182,MSP,"[""DVET"", ""EDU"", ""PINCP_DECILE"", ""POVPIP"", ""PWGTP"", ""SEX"", ""WGTP""]",7,182,182
0.9707792207792207,0.974025974025974,0.8351588662769451,0.9936785143877267,0.9615925739782127,0.8394648829431438,1.0,0.999937566912648,0.8973655888395115,0.99995144209738,0.08313795998332763,0.7935898862852813,0.8767278462686089,299,0.012642971224546051,0.9873570287754537,0.9999999999999998,300,OWN_RENT,"[""EDU"", ""INDP"", ""NOC"", ""PINCP_DECILE"", ""POVPIP"", ""PWGTP"", ""WGTP""]",7,308,308
1.0,1.0,0.8270892856445013,0.9938406861691489,0.9643228756378602,0.8311688311688312,1.0,0.9999407727388451,0.9059917837676216,0.9999534227909859,0.08355312762831135,0.7853127218303456,0.868865849458657,308,0.012318627661702108,0.9876813723382979,1.0,308,OWN_RENT,"[""EDU"", ""INDP"", ""NOC"", ""PINCP_DECILE"", ""POVPIP"", ""PWGTP"", ""WGTP""]",7,308,308
0.9690721649484536,0.9690721649484536,0.8463458394329768,0.9932804379803004,0.9562057935765901,0.851063829787234,1.0,0.9999325952229364,0.8800492248139075,0.9999485687741531,0.08308368504508967,0.804803996910432,0.8878876819555217,282,0.013439124039399286,0.9865608759606007,1.0,282,RAC1P,"[""EDU"", ""MSP"", ""NPF"", ""OWN_RENT"", ""PINCP_DECILE"", ""PWGTP"", ""WGTP""]",7,291,291
0.993127147766323,0.9896907216494846,0.8363594772293196,0.9934185861799465,0.9597226143293331,0.8408304498269896,1.0,0.9999371689122697,0.8915927778552712,0.9999513995171178,0.08427611149971836,0.7942214214794604,0.8784975329791788,289,0.0131628276401069,0.9868371723598931,1.0,288,RAC1P,"[""EDU"", ""MSP"", ""NPF"", ""OWN_RENT"", ""PINCP_DECILE"", ""PWGTP"", ""WGTP""]",7,291,291
0.9965635738831615,0.9965635738831615,0.8369163779588062,0.9934633818588577,0.959859753500345,0.8413793103448276,1.0,0.9999369601668697,0.8919505167490017,0.9999512434326436,0.08401604741947344,0.7949083542490696,0.878924401668543,290,0.013073236282284517,0.9869267637177155,1.0,290,RAC1P,"[""EDU"", ""MSP"", ""NPF"", ""OWN_RENT"", ""PINCP_DECILE"", ""PWGTP"", ""WGTP""]",7,291,291
1.0,1.0,0.8374695010599247,0.9934855518011962,0.959859553518356,0.8419243986254296,1.0,0.9999367431321189,0.8919384185126586,0.9999510809344719,0.08375755585492606,0.7955907231324617,0.8793482789873878,291,0.01302889639760696,0.9869711036023928,0.9999999999999998,291,RAC1P,"[""EDU"", ""MSP"", ""NPF"", ""OWN_RENT"", ""PINCP_DECILE"", ""PWGTP"", ""WGTP""]",7,291,291
0.9519326065411299,0.9519326065411299,0.9823773904833027,0.9990021363050212,0.9428327414435949,0.9833420093701197,1.0,0.9993908740508216,0.8305036444357151,0.9995666883181895,0.011596810950543324,0.9765789850080311,0.9881757959585744,1921,0.001995727389957458,0.9980042726100425,1.0,1921,DVET,"[""HOUSING_TYPE"", ""INDP_CAT"", ""PINCP_DECILE"", ""POVPIP"", ""PUMA"", ""PWGTP"", ""SEX""]",7,2018,2018
0.9930624380574826,0.9930624380574826,0.9816117307229862,0.9990433859197849,0.9474616620280806,0.9825349301397206,1.0,0.9994277315237973,0.8472965418733034,0.999586793290255,0.01160747538641771,0.9758079930297774,0.9874154684161951,2004,0.0019132281604297141,0.9980867718395701,0.9999999999999998,2004,DVET,"[""HOUSING_TYPE"", ""INDP_CAT"", ""PINCP_DECILE"", ""POVPIP"", ""PUMA"", ""PWGTP"", ""SEX""]",7,2018,2018
0.9950445986124876,0.9955401387512388,0.9801571196202767,0.999045762197549,0.9514308306537969,0.9810756972111554,1.0,0.9994718519963143,0.8612654314187718,0.999613557564662,0.012048981095435285,0.974132629072559,0.9861816101679943,2008,0.001908475604901816,0.9980915243950982,1.0,2009,DVET,"[""HOUSING_TYPE"", ""INDP_CAT"", ""PINCP_DECILE"", ""POVPIP"", ""PUMA"", ""PWGTP"", ""SEX""]",7,2018,2018
1.0,1.0,0.9797606636109759,0.9980608126353121,0.9037406793368057,0.9806739345887017,0.9990089197224975,0.9482273018730266,0.7449447114606169,0.9892917809123289,0.012139780843858028,0.973690773189047,0.985830554032905,2018,0.0033347106355562373,0.996393457317534,0.9997281679530903,2018,DVET,"[""HOUSING_TYPE"", ""INDP_CAT"", ""PINCP_DECILE"", ""POVPIP"", ""PUMA"", ""PWGTP"", ""SEX""]",7,2018,2018
0.896551724137931,0.8793103448275862,0.24929021741796292,0.9649766900507344,0.9533302316646707,0.23076923076923078,1.0,0.9999834601254421,0.8903050907019765,0.9999852530949218,0.22409521632607085,0.1372426092549275,0.36133782558099836,52,0.07004661989853167,0.9299533801014686,1.0000000000000002,51,AGEP__discretized,"[""NOC"", ""PINCP_DECILE"", ""POVPIP"", ""PUMA"", ""PWGTP"", ""RAC1P"", ""WGTP""]",7,58,58
0.9482758620689655,0.9482758620689655,0.23658029031481526,0.9673575494414569,0.9572290236037951,0.21818181818181817,1.0,0.9999869642294742,0.900511789208338,0.9999882927622333,0.21424009980717,0.12946024041123025,0.34370034021840024,55,0.06528490111708662,0.9347150988829136,1.0000000000000002,55,AGEP__discretized,"[""NOC"", ""PINCP_DECILE"", ""POVPIP"", ""PUMA"", ""PWGTP"", ""RAC1P"", ""WGTP""]",7,58,58
1.0,1.0,0.24127389125164217,0.9366003085128538,0.9164272126289739,0.22413793103448276,0.9655172413793104,0.955543239664911,0.8204749528092268,0.9889848149491544,0.2106745702750895,0.1359366061140974,0.3466111763891869,58,0.10778352631196142,0.8827085453568732,0.9904920716688346,58,AGEP__discretized,"[""NOC"", ""PINCP_DECILE"", ""POVPIP"", ""PUMA"", ""PWGTP"", ""RAC1P"", ""WGTP""]",7,58,58
0.9473684210526315,0.9473684210526315,0.394516796955162,0.9746744137017711,0.958156788550808,0.3888888888888889,1.0,0.9999833056184358,0.8977846551804809,0.9999857381019518,0.21971930620536828,0.28465714385247787,0.5043764500578461,72,0.050651172596457794,0.9493488274035422,1.0,72,EDU,"[""OWN_RENT"", ""PINCP"", ""PINCP_DECILE"", ""POVPIP"", ""PUMA"", ""PWGTP"", ""RAC1P""]",7,76,76
0.9736842105263158,0.9736842105263158,0.38438037857523616,0.975325110301807,0.9599029803946261,0.3783783783783784,1.0,0.9999838742523015,0.9027823306040362,0.9999861454116901,0.2158100633292569,0.2764753469106077,0.4922854102398646,74,0.049349779396386295,0.9506502206036139,1.0000000000000002,74,EDU,"[""OWN_RENT"", ""PINCP"", ""PINCP_DECILE"", ""POVPIP"", ""PUMA"", ""PWGTP"", ""RAC1P""]",7,76,76
1.0,1.0,0.37475178750857074,0.9508935649691456,0.92144615768397,0.3684210526315789,0.9736842105263158,0.9583181599624674,0.8247966395894951,0.9900764420146153,0.21199512295507145,0.268754226031035,0.48074934898610644,76,0.0837195519114522,0.9090337890134195,0.9927533409248717,76,EDU,"[""OWN_RENT"", ""PINCP"", ""PINCP_DECILE"", ""POVPIP"", ""PUMA"", ""PWGTP"", ""RAC1P""]",7,76,76
